Name,Unnamed: 1,Full Stats - Break Points Faced,Career - Career High Rank (2011.07.04),Career - Career High Rank (2025.01.27),Career - Career High Rank (2025.02.24),Birthplace,TotalServicePointsWon,Turned pro,SecondServeReturnWon,BreakPointsConverted,Career - Career High Rank (2015.03.02),Height,Career - Career High Rank (2021.09.13),DoubleFaults,Career - Career High Rank (2024.08.05),YTD - Titles,Career - Career High Rank (2019.06.10),Career - Prize Money Singles & Doubles Combined,Career - Career High Rank (2022.09.12),Career - Career High Rank (2023.01.16),Career - W-L,Career - Career High Rank (2025.04.07),Career - Career High Rank (2024.05.06),Career - Career High Rank (2025.05.05),Full Stats - Return Games Played,ReturnPointsWon,Career - Career High Rank (2017.09.11),SecondServeWon,Career - Career High Rank (2024.06.24),Career - Career High Rank (2019.05.20),Career - Titles,Career - Career High Rank (2023.02.06),Career - Career High Rank (2025.04.21),Full Stats - Return Games Won,Career - Career High Rank (2024.07.15),Age,Career - Career High Rank (2024.10.21),Career - Career High Rank (2022.08.08),Career - Career High Rank (2022.01.31),FirstServeIn,Career - Career High Rank (2024.08.12),Career - Career High Rank (2024.11.18),Career - Career High Rank (2023.08.21),TotalPointsWon,Full Stats - Break Points Opportunities,Career - Career High Rank (2023.08.14),Career - Career High Rank (2024.02.12),Career - Career High Rank (2023.11.06),Career - Career High Rank (2019.07.15),FirstServeReturnWon,Career - Career High Rank (2024.08.26),Career - Career High Rank (2023.09.11),Career - Career High Rank (2023.06.19),Aces,Career - Career High Rank (2022.11.07),Career - Career High Rank (2024.01.08),Career - Career High Rank (2024.07.22),Career - Career High Rank (2021.10.04),Career - Career High Rank (2017.11.20),Career - Career High Rank (2022.02.28),Career - Career High Rank (2023.10.16),Weight,Career - Career High Rank (2025.03.31),YTD - Rank,Full Stats - Service Games Played,BreakPointsSaved,Career - Career High Rank (2018.11.05),Career - Career High Rank (2024.06.10),Career - Career High Rank (2022.07.11),Full Stats - Service Games Won,YTD - Prize Money,Career - Career High Rank (2022.08.29),FirstServeWon,Career - Career High Rank (2019.11.04),Plays,Career - Career High Rank (2022.06.13),Career - Career High Rank (2024.11.04),Career - Career High Rank (2018.07.02),Career - Career High Rank (2025.05.26),Career - Career High Rank (2024.04.15),Career - Career High Rank (2024.07.01),Career - Career High Rank (2025.04.14),Career - Career High Rank (2022.08.01),Career - Career High Rank (2016.11.07),Career - Career High Rank (2024.09.16),Career - Career High Rank (2022.10.31),Career - Career High Rank (2023.04.10),Career - Career High Rank (2020.09.21),Career - Career High Rank (2023.10.02),Career - Career High Rank (2024.09.09),Career - Career High Rank (2025.05.19),Career - Career High Rank (2021.08.09),Career - Career High Rank (2025.03.17),Career - Career High Rank (2025.03.03),Country,Wins,Losses,Win Rate,Height_cm,Weight_kg
Jannik Sinner,x,1918,1.0,9.0,29.0,"San Candido, Italy",0.67,2018.0,0.54,0.43,4.0,"6'3"" (191cm)",5.0,715,25.0,1,27.0,40069385,3.6666666666666665,27.0,275 - 81,55.333333333333336,26.5,17.333333333333332,4252,0.4,10.0,0.55,18.0,52.0,19,42.0,71.0,0.28,6.0,23,47.0,83.0,26.0,0.6,22.666666666666668,4.0,12.5,0.53,2757,48.0,27.0,21.0,8.0,0.32,62.0,53.0,18.333333333333332,1976,28.5,36.0,31.0,21.0,5.0,31.0,37.0,170 lbs (77kg),72.0,1,4307,0.67,12.0,1.0,58.0,0.85,2830697,22.0,0.75,9.0,"Right-Handed, Two-Handed Backhand",2.0,26.0,23.0,28.0,13.0,19.0,39.0,64.0,6.0,72.0,42.0,49.0,10.0,47.0,30.0,56.714285714285715,3.0,83.0,32.75,Italy,12,1,0.9230769230769231,191,77
Carlos Alcaraz,x,1630,1.0,9.0,29.0,"El Palmar, Murcia, Spain",0.66,2018.0,0.54,0.42,4.0,"6'0"" (183cm)",5.0,668,25.0,3,27.0,41835058,1.0,27.0,239 - 61,55.333333333333336,26.5,17.333333333333332,3566,0.42,10.0,0.56,18.0,52.0,19,42.0,71.0,0.31,6.0,22,47.0,83.0,26.0,0.65,22.666666666666668,4.0,12.5,0.53,2696,48.0,27.0,21.0,8.0,0.35,62.0,53.0,18.333333333333332,1130,28.5,36.0,31.0,21.0,5.0,31.0,37.0,163 lbs (74kg),72.0,2,3563,0.63,12.0,15.0,58.0,0.83,3980081,22.0,0.71,9.0,"Right-Handed, Two-Handed Backhand",2.0,26.0,23.0,28.0,13.0,19.0,39.0,64.0,6.0,72.0,42.0,49.0,10.0,47.0,30.0,56.714285714285715,3.0,83.0,32.75,Spain,30,5,0.8571428571428571,183,74
Alexander Zverev,x,3657,1.0,9.0,29.0,"Hamburg, Germany",0.67,2013.0,0.51,0.41,4.0,"6'6"" (198cm)",5.0,2464,25.0,1,27.0,52935482,3.6666666666666665,27.0,488 - 208,55.333333333333336,26.5,17.333333333333332,8615,0.38,10.0,0.5,18.0,52.0,24,42.0,71.0,0.25,6.0,28,47.0,83.0,26.0,0.67,22.666666666666668,4.0,12.5,0.52,5211,48.0,27.0,21.0,8.0,0.3,62.0,53.0,18.333333333333332,5646,28.5,36.0,31.0,21.0,5.0,31.0,37.0,198 lbs (90kg),72.0,3,8594,0.62,12.0,15.0,58.0,0.84,2704891,22.0,0.75,9.0,"Right-Handed, Two-Handed Backhand",2.0,26.0,23.0,28.0,13.0,19.0,39.0,64.0,6.0,72.0,42.0,49.0,10.0,47.0,30.0,56.714285714285715,3.0,83.0,32.75,Germany,25,10,0.7142857142857143,198,90
Taylor Fritz,x,2705,1.0,9.0,29.0,"Rancho Santa Fe, CA, USA",0.67,2015.0,0.5,0.38,4.0,"6'5"" (196cm)",5.0,1121,25.0,0,27.0,24194335,3.6666666666666665,27.0,301 - 199,55.333333333333336,26.5,17.333333333333332,6192,0.36,10.0,0.52,18.0,52.0,8,42.0,71.0,0.2,6.0,27,47.0,83.0,26.0,0.6,22.666666666666668,4.0,12.5,0.51,3311,48.0,27.0,21.0,8.0,0.27,62.0,53.0,18.333333333333332,4648,28.5,36.0,31.0,21.0,5.0,31.0,37.0,190 lbs (86kg),72.0,4,6286,0.63,12.0,15.0,58.0,0.84,1712282,22.0,0.76,9.0,"Right-Handed, Two-Handed Backhand",2.0,26.0,23.0,28.0,13.0,19.0,39.0,64.0,6.0,72.0,42.0,49.0,10.0,47.0,30.0,56.714285714285715,3.0,83.0,32.75,United States,17,9,0.6538461538461539,196,86
Jack Draper,x,831,1.0,9.0,29.0,"Sutton, England",0.66,2018.0,0.52,0.42,4.0,"6'4"" (193cm)",5.0,436,25.0,1,27.0,7600701,3.6666666666666665,27.0,101 - 57,55.333333333333336,26.5,5.0,1819,0.38,10.0,0.51,18.0,52.0,3,42.0,71.0,0.25,6.0,23,47.0,83.0,26.0,0.6,22.666666666666668,4.0,12.5,0.52,1071,48.0,27.0,21.0,8.0,0.3,62.0,53.0,18.333333333333332,1200,28.5,36.0,31.0,21.0,5.0,31.0,37.0,187 lbs (85kg),72.0,5,1807,0.66,12.0,15.0,58.0,0.84,2674635,22.0,0.76,9.0,"Left-Handed, Two-Handed Backhand",2.0,26.0,23.0,28.0,13.0,19.0,39.0,64.0,6.0,72.0,42.0,49.0,10.0,47.0,30.0,56.714285714285715,3.0,83.0,32.75,Great Britain,22,6,0.7857142857142857,193,85
Novak Djokovic,Youtube,6674,1.0,9.0,29.0,"Belgrade, Serbia",0.68,2003.0,0.55,0.44,4.0,"6'2"" (188cm)",5.0,3041,25.0,1,27.0,187086939,3.6666666666666665,27.0,1140 - 229,55.333333333333336,26.5,17.333333333333332,16104,0.42,10.0,0.55,18.0,52.0,100,42.0,71.0,0.32,6.0,38,47.0,83.0,26.0,0.65,22.666666666666668,4.0,12.5,0.54,11567,48.0,27.0,21.0,8.0,0.34,62.0,53.0,18.333333333333332,7504,28.5,36.0,31.0,21.0,5.0,31.0,37.0,170 lbs (77kg),72.0,6,16569,0.65,12.0,15.0,58.0,0.86,1553019,22.0,0.74,9.0,"Right-Handed, Two-Handed Backhand",2.0,26.0,23.0,28.0,13.0,19.0,39.0,64.0,6.0,72.0,42.0,49.0,10.0,47.0,30.0,56.714285714285715,3.0,83.0,32.75,Serbia,16,7,0.6956521739130435,188,77
Lorenzo Musetti,x,1618,1.0,9.0,29.0,"Carrara, Italy",0.63,2019.0,0.52,0.4,4.0,"6'1"" (185cm)",5.0,518,25.0,0,27.0,9385488,3.6666666666666665,27.0,152 - 118,55.333333333333336,26.5,17.333333333333332,3126,0.38,10.0,0.52,18.0,52.0,2,42.0,71.0,0.24,6.0,23,47.0,83.0,26.0,0.65,22.666666666666668,4.0,12.5,0.51,1838,48.0,27.0,21.0,8.0,0.3,62.0,53.0,18.333333333333332,881,28.5,36.0,31.0,21.0,5.0,31.0,37.0,172 lbs (78kg),72.0,7,3121,0.59,12.0,15.0,58.0,0.79,1662593,22.0,0.69,9.0,"Right-Handed, One-Handed Backhand",2.0,26.0,23.0,7.0,13.0,19.0,39.0,64.0,6.0,72.0,42.0,49.0,10.0,47.0,30.0,56.714285714285715,3.0,83.0,32.75,Italy,20,7,0.7407407407407407,185,78
Casper Ruud,x,2247,1.0,9.0,29.0,"Oslo, Norway",0.66,2015.0,0.51,0.4,4.0,"6'0"" (183cm)",5.0,913,25.0,1,27.0,24777407,2.0,27.0,282 - 147,55.333333333333336,26.5,17.333333333333332,4837,0.37,10.0,0.54,18.0,52.0,13,42.0,71.0,0.23,6.0,26,47.0,83.0,26.0,0.65,22.666666666666668,4.0,12.5,0.52,2834,48.0,27.0,21.0,8.0,0.29,62.0,53.0,18.333333333333332,2053,28.5,36.0,31.0,21.0,5.0,31.0,37.0,178 lbs (81kg),72.0,8,4936,0.64,12.0,15.0,58.0,0.83,2410638,22.0,0.72,9.0,"Right-Handed, Two-Handed Backhand",2.0,26.0,23.0,28.0,13.0,19.0,39.0,64.0,6.0,72.0,42.0,49.0,10.0,47.0,30.0,56.714285714285715,3.0,83.0,32.75,Norway,24,7,0.7741935483870968,183,81
Alex De Minaur,x,2586,1.0,9.0,29.0,"Sydney, Australia",0.64,2015.0,0.52,0.43,4.0,"6'0"" (183cm)",5.0,1043,25.0,0,27.0,17644663,3.6666666666666665,27.0,275 - 165,55.333333333333336,26.5,17.333333333333332,5047,0.4,10.0,0.53,18.0,52.0,9,42.0,71.0,0.27,6.0,26,47.0,83.0,26.0,0.58,22.666666666666668,4.0,12.5,0.52,3193,48.0,27.0,21.0,8.0,0.32,62.0,53.0,18.333333333333332,1557,28.5,36.0,31.0,21.0,5.0,31.0,37.0,152 lbs (69kg),72.0,9,5007,0.61,12.0,15.0,58.0,0.8,1920334,22.0,0.71,9.0,"Right-Handed, Two-Handed Backhand",2.0,26.0,23.0,28.0,13.0,19.0,39.0,64.0,6.0,72.0,42.0,49.0,10.0,47.0,30.0,56.714285714285715,3.0,83.0,32.75,Australia,26,10,0.7222222222222222,183,69
Holger Rune,x,1433,1.0,9.0,29.0,"Gentofte, Denmark",0.65,2020.0,0.5,0.4,4.0,"6'2"" (188cm)",5.0,798,25.0,1,27.0,13282663,3.6666666666666665,27.0,156 - 96,55.333333333333336,26.5,17.333333333333332,3002,0.37,10.0,0.53,18.0,52.0,5,42.0,71.0,0.21,6.0,22,47.0,83.0,26.0,0.62,22.666666666666668,4.0,4.0,0.51,1611,48.0,27.0,21.0,8.0,0.29,62.0,53.0,18.333333333333332,1244,28.5,36.0,31.0,21.0,5.0,31.0,37.0,169 lbs (77kg),72.0,10,2994,0.63,12.0,15.0,58.0,0.82,1762841,22.0,0.72,9.0,"Right-Handed, Two-Handed Backhand",2.0,26.0,23.0,28.0,13.0,19.0,39.0,64.0,6.0,72.0,42.0,49.0,10.0,47.0,30.0,56.714285714285715,3.0,83.0,32.75,Denmark,17,11,0.6071428571428571,188,77
Daniil Medvedev,x,3068,1.0,9.0,29.0,"Moscow, Russia",0.66,2014.0,0.54,0.43,4.0,"6'6"" (198cm)",5.0,2025,25.0,0,27.0,46277151,3.6666666666666665,27.0,397 - 167,55.333333333333336,26.5,17.333333333333332,6737,0.4,10.0,0.51,18.0,52.0,20,42.0,71.0,0.27,6.0,29,47.0,83.0,26.0,0.61,22.666666666666668,4.0,12.5,0.53,4304,48.0,27.0,21.0,8.0,0.31,62.0,53.0,18.333333333333332,4312,28.5,36.0,31.0,21.0,5.0,1.0,37.0,182 lbs (83kg),72.0,11,6710,0.63,12.0,15.0,58.0,0.83,1150173,22.0,0.75,9.0,"Right-Handed, Two-Handed Backhand",2.0,26.0,23.0,28.0,13.0,19.0,39.0,64.0,6.0,72.0,42.0,49.0,10.0,47.0,30.0,56.714285714285715,3.0,83.0,32.75,,18,10,0.6428571428571429,198,83
Tommy Paul,x,2083,1.0,9.0,29.0,"Voorhees, NJ, USA",0.64,2015.0,0.51,0.4,4.0,"6'1"" (185cm)",5.0,699,25.0,0,27.0,11390042,3.6666666666666665,27.0,197 - 133,55.333333333333336,26.5,17.333333333333332,3956,0.39,10.0,0.53,18.0,52.0,4,42.0,71.0,0.25,6.0,28,47.0,83.0,26.0,0.61,22.666666666666668,4.0,12.5,0.51,2452,48.0,27.0,21.0,8.0,0.31,62.0,53.0,18.333333333333332,1618,28.5,36.0,31.0,21.0,5.0,31.0,37.0,180 lbs (82kg),72.0,12,3980,0.62,12.0,15.0,58.0,0.8,1317007,22.0,0.71,9.0,"Right-Handed, Two-Handed Backhand",2.0,26.0,23.0,28.0,13.0,19.0,39.0,64.0,6.0,72.0,42.0,49.0,10.0,47.0,30.0,56.714285714285715,3.0,83.0,32.75,United States,21,8,0.7241379310344828,185,82
Ben Shelton,x,858,1.0,9.0,29.0,"Atlanta, GA, USA",0.68,2022.0,0.45,0.39,4.0,"6'4"" (193cm)",5.0,551,25.0,0,27.0,6990177,3.6666666666666665,27.0,86 - 63,55.333333333333336,26.5,17.333333333333332,2028,0.33,10.0,0.53,18.0,52.0,2,42.0,71.0,0.16,6.0,22,47.0,83.0,26.0,0.66,22.666666666666668,4.0,12.5,0.5,814,48.0,27.0,21.0,8.0,0.26,62.0,53.0,18.333333333333332,1394,28.5,36.0,31.0,21.0,5.0,31.0,37.0,195 lbs (88kg),72.0,13,2034,0.68,12.0,15.0,58.0,0.87,1416135,22.0,0.76,9.0,"Left-Handed, Two-Handed Backhand",2.0,26.0,23.0,28.0,13.0,19.0,39.0,64.0,6.0,72.0,42.0,49.0,10.0,47.0,30.0,56.714285714285715,3.0,83.0,12.0,United States,15,10,0.6,193,88
Arthur Fils,Insta,763,1.0,9.0,29.0,"Bondoufle, France",0.65,2021.0,0.49,0.4,4.0,"6'1"" (185cm)",5.0,419,25.0,0,27.0,5578854,3.6666666666666665,27.0,80 - 57,55.333333333333336,26.5,17.333333333333332,1552,0.37,10.0,0.5,18.0,52.0,3,42.0,71.0,0.21,6.0,20,47.0,83.0,26.0,0.61,22.666666666666668,4.0,12.5,0.51,814,48.0,27.0,21.0,8.0,0.29,62.0,53.0,18.333333333333332,781,28.5,36.0,31.0,21.0,5.0,31.0,37.0,182 lbs (83kg),72.0,14,1566,0.62,12.0,15.0,58.0,0.82,1141187,22.0,0.74,9.0,"Right-Handed, Two-Handed Backhand",2.0,26.0,23.0,28.0,13.0,19.0,14.0,64.0,6.0,72.0,42.0,49.0,10.0,47.0,30.0,56.714285714285715,3.0,83.0,32.75,France,19,10,0.6551724137931034,185,83
Andrey Rublev,x,3093,1.0,9.0,29.0,"Moscow, Russia",0.66,2014.0,0.53,0.39,4.0,"6'2"" (188cm)",5.0,1346,25.0,1,27.0,28805106,3.6666666666666665,27.0,350 - 196,55.333333333333336,26.5,17.333333333333332,6585,0.39,10.0,0.51,18.0,52.0,17,42.0,71.0,0.24,6.0,27,47.0,83.0,26.0,0.61,22.666666666666668,4.0,12.5,0.52,4006,48.0,27.0,21.0,8.0,0.3,62.0,53.0,18.333333333333332,3697,28.5,36.0,31.0,21.0,5.0,31.0,37.0,165 lbs (75kg),72.0,15,6592,0.63,12.0,15.0,58.0,0.83,1327199,22.0,0.75,9.0,"Right-Handed, Two-Handed Backhand",2.0,26.0,23.0,28.0,13.0,19.0,39.0,64.0,6.0,72.0,42.0,49.0,10.0,47.0,30.0,56.714285714285715,3.0,83.0,32.75,,15,12,0.5555555555555556,188,75
Frances Tiafoe,x,2713,1.0,9.0,29.0,"Hyattsville, MD, USA",0.65,2015.0,0.5,0.38,4.0,"6'2"" (188cm)",5.0,1041,25.0,0,27.0,14007649,3.6666666666666665,27.0,223 - 203,55.333333333333336,26.5,17.333333333333332,5516,0.36,10.0,0.52,18.0,52.0,3,42.0,71.0,0.19,6.0,27,47.0,83.0,26.0,0.6,22.666666666666668,4.0,12.5,0.5,2856,48.0,27.0,21.0,8.0,0.27,62.0,53.0,10.0,3097,28.5,36.0,31.0,21.0,5.0,31.0,37.0,190 lbs (86kg),72.0,16,5484,0.62,12.0,15.0,58.0,0.81,655240,22.0,0.73,9.0,"Right-Handed, Two-Handed Backhand",2.0,26.0,23.0,28.0,13.0,19.0,39.0,64.0,6.0,72.0,42.0,49.0,10.0,47.0,30.0,56.714285714285715,3.0,83.0,32.75,United States,13,12,0.52,188,86
Grigor Dimitrov,x,4459,1.0,9.0,29.0,"Haskovo, Bulgaria",0.66,2008.0,0.5,0.39,4.0,"6'3"" (191cm)",5.0,2639,25.0,0,27.0,29967502,3.6666666666666665,27.0,473 - 300,55.333333333333336,26.5,17.333333333333332,9458,0.37,10.0,0.51,18.0,52.0,9,42.0,71.0,0.22,6.0,34,47.0,83.0,26.0,0.62,22.666666666666668,4.0,12.5,0.52,5420,48.0,27.0,21.0,8.0,0.3,62.0,53.0,18.333333333333332,5260,28.5,36.0,31.0,21.0,3.0,31.0,37.0,178 lbs (81kg),72.0,17,9608,0.63,12.0,15.0,58.0,0.83,915524,22.0,0.75,9.0,"Right-Handed, One-Handed Backhand",2.0,26.0,23.0,28.0,13.0,19.0,39.0,64.0,6.0,72.0,42.0,49.0,10.0,47.0,30.0,56.714285714285715,3.0,83.0,32.75,Bulgaria,14,9,0.6086956521739131,191,81
Francisco Cerundolo,x,1601,1.0,9.0,29.0,"Buenos Aires, Argentina",0.61,2018.0,0.51,0.41,4.0,"6'1"" (185cm)",5.0,670,25.0,0,27.0,7420650,3.6666666666666665,27.0,129 - 101,55.333333333333336,26.5,18.0,2591,0.4,10.0,0.51,18.0,52.0,3,42.0,71.0,0.27,6.0,26,47.0,83.0,26.0,0.64,22.666666666666668,4.0,12.5,0.51,1708,48.0,27.0,21.0,8.0,0.33,62.0,53.0,18.333333333333332,655,28.5,36.0,31.0,21.0,5.0,31.0,37.0,176 lbs (80kg),72.0,18,2577,0.62,12.0,15.0,58.0,0.76,1431524,22.0,0.67,9.0,"Right-Handed, Two-Handed Backhand",2.0,26.0,23.0,28.0,13.0,19.0,39.0,64.0,6.0,72.0,42.0,49.0,10.0,47.0,30.0,56.714285714285715,3.0,83.0,32.75,Argentina,27,12,0.6923076923076923,185,80
Jakub Mensik,Insta,446,1.0,9.0,29.0,Prostejov,0.65,2022.0,0.5,0.39,4.0,"6'5"" (196cm)",5.0,276,25.0,1,27.0,3360720,3.6666666666666665,27.0,47 - 30,55.333333333333336,26.5,17.333333333333332,938,0.36,10.0,0.48,18.0,52.0,1,42.0,71.0,0.2,6.0,19,47.0,83.0,26.0,0.59,22.666666666666668,4.0,12.5,0.51,473,48.0,27.0,21.0,8.0,0.28,62.0,53.0,18.333333333333332,840,28.5,36.0,31.0,21.0,5.0,31.0,37.0,191 lbs (87kg),72.0,19,944,0.64,12.0,15.0,58.0,0.83,1777686,22.0,0.76,9.0,"Right-Handed, Two-Handed Backhand",2.0,26.0,23.0,28.0,13.0,19.0,39.0,64.0,6.0,72.0,42.0,49.0,10.0,47.0,30.0,19.0,3.0,83.0,32.75,Czechia,19,9,0.6785714285714286,196,87
Stefanos Tsitsipas,x,2606,1.0,9.0,29.0,"Athens, Greece",0.68,2016.0,0.49,0.4,4.0,"6'4"" (193cm)",5.0,1219,25.0,1,27.0,34601835,3.6666666666666665,27.0,362 - 175,55.333333333333336,26.5,17.333333333333332,6567,0.36,10.0,0.55,18.0,52.0,12,42.0,71.0,0.21,6.0,26,47.0,83.0,26.0,0.62,22.666666666666668,4.0,12.5,0.52,3462,48.0,27.0,21.0,8.0,0.29,62.0,53.0,18.333333333333332,3690,28.5,36.0,31.0,21.0,5.0,31.0,37.0,198 lbs (90kg),72.0,20,6699,0.65,12.0,15.0,58.0,0.86,1504114,22.0,0.76,9.0,"Right-Handed, One-Handed Backhand",2.0,26.0,23.0,28.0,13.0,19.0,39.0,64.0,6.0,72.0,42.0,49.0,10.0,47.0,30.0,56.714285714285715,3.0,83.0,32.75,Greece,17,10,0.6296296296296297,193,90
Ugo Humbert,x,1719,1.0,9.0,29.0,"Metz, France",0.66,2016.0,0.48,0.36,4.0,"6'2"" (188cm)",5.0,733,25.0,1,27.0,9185773,3.6666666666666665,27.0,155 - 134,55.333333333333336,26.5,17.333333333333332,3568,0.35,10.0,0.52,18.0,52.0,7,42.0,71.0,0.19,6.0,26,47.0,83.0,26.0,0.62,22.666666666666668,4.0,12.5,0.51,1901,48.0,27.0,21.0,8.0,0.28,62.0,53.0,18.333333333333332,1964,28.5,36.0,31.0,21.0,5.0,31.0,37.0,160 lbs (73kg),72.0,21,3627,0.63,12.0,15.0,58.0,0.83,822964,22.0,0.74,9.0,"Left-Handed, Two-Handed Backhand",2.0,26.0,23.0,28.0,13.0,19.0,39.0,64.0,6.0,72.0,42.0,49.0,10.0,47.0,30.0,56.714285714285715,3.0,83.0,32.75,France,12,9,0.5714285714285714,188,73
Tomas Machac,Insta,687,1.0,9.0,29.0,"Beroun, Czechia",0.63,2017.0,0.52,0.42,4.0,"6'0"" (183cm)",5.0,281,25.0,1,27.0,4628720,3.6666666666666665,27.0,65 - 49,55.333333333333336,26.5,17.333333333333332,1266,0.38,10.0,0.51,18.0,52.0,1,42.0,71.0,0.24,6.0,24,47.0,83.0,26.0,0.62,22.666666666666668,4.0,12.5,0.5,703,48.0,27.0,21.0,8.0,0.29,62.0,53.0,18.333333333333332,538,28.5,36.0,31.0,21.0,5.0,31.0,37.0,163 lbs (74kg),72.0,22,1260,0.61,12.0,15.0,58.0,0.79,1256121,22.0,0.7,9.0,"Right-Handed, Two-Handed Backhand",2.0,26.0,23.0,28.0,13.0,19.0,39.0,64.0,6.0,72.0,42.0,49.0,10.0,47.0,30.0,56.714285714285715,3.0,83.0,20.0,Czechia,16,9,0.64,183,74
Sebastian Korda,Insta,1355,1.0,9.0,29.0,"Bradenton, FL, USA",0.65,2018.0,0.51,0.4,4.0,"6'5"" (196cm)",5.0,491,25.0,0,27.0,7615865,3.6666666666666665,27.0,134 - 88,55.333333333333336,26.5,17.333333333333332,2664,0.38,10.0,0.52,18.0,52.0,2,42.0,71.0,0.23,6.0,24,47.0,83.0,26.0,0.63,15.0,4.0,12.5,0.51,1530,48.0,27.0,21.0,8.0,0.3,62.0,53.0,18.333333333333332,1478,28.5,36.0,31.0,21.0,5.0,31.0,37.0,180 lbs (82kg),72.0,23,2681,0.63,12.0,15.0,58.0,0.81,620205,22.0,0.72,9.0,"Right-Handed, Two-Handed Backhand",2.0,26.0,23.0,28.0,13.0,19.0,39.0,64.0,6.0,72.0,42.0,49.0,10.0,47.0,30.0,56.714285714285715,3.0,83.0,32.75,United States,9,9,0.5,196,82
Karen Khachanov,x,3061,1.0,9.0,29.0,"Moscow, Russia",0.65,2013.0,0.5,0.4,4.0,"6'6"" (198cm)",5.0,1228,25.0,0,27.0,19051013,3.6666666666666665,27.0,293 - 213,55.333333333333336,26.5,17.333333333333332,6332,0.37,10.0,0.52,18.0,52.0,7,42.0,71.0,0.22,6.0,29,47.0,83.0,26.0,0.63,22.666666666666668,4.0,12.5,0.51,3372,48.0,27.0,21.0,8.0,0.28,62.0,53.0,18.333333333333332,3761,28.5,36.0,31.0,21.0,5.0,31.0,37.0,192 lbs (87kg),72.0,24,6320,0.63,12.0,15.0,58.0,0.82,793446,22.0,0.74,9.0,"Right-Handed, Two-Handed Backhand",2.0,26.0,23.0,28.0,13.0,19.0,39.0,64.0,6.0,72.0,42.0,49.0,10.0,47.0,30.0,56.714285714285715,3.0,83.0,32.75,,12,12,0.5,198,87
Alexei Popyrin,x,1465,1.0,9.0,29.0,"Sydney, Australia",0.65,2017.0,0.46,0.33,4.0,"6'5"" (196cm)",5.0,764,25.0,0,27.0,7457287,3.6666666666666665,27.0,101 - 123,55.333333333333336,26.5,17.333333333333332,2870,0.33,10.0,0.5,18.0,52.0,3,42.0,71.0,0.15,6.0,25,47.0,83.0,26.0,0.62,23.0,4.0,12.5,0.49,1350,48.0,27.0,21.0,8.0,0.26,62.0,53.0,18.333333333333332,1998,28.5,36.0,31.0,21.0,5.0,31.0,37.0,172 lbs (78kg),72.0,25,2846,0.66,12.0,15.0,58.0,0.82,576789,22.0,0.74,9.0,"Right-Handed, Two-Handed Backhand",2.0,26.0,23.0,28.0,13.0,19.0,39.0,64.0,6.0,72.0,42.0,49.0,10.0,47.0,30.0,56.714285714285715,3.0,83.0,32.75,Australia,8,11,0.42105263157894735,196,78
Flavio Cobolli,,755,1.0,9.0,29.0,"Florence, Italy",0.62,2020.0,0.49,0.39,4.0,"6'0"" (183cm)",5.0,328,25.0,2,27.0,3582645,3.6666666666666665,27.0,55 - 50,55.333333333333336,26.5,17.333333333333332,1275,0.37,10.0,0.51,18.0,52.0,2,42.0,71.0,0.23,6.0,23,47.0,83.0,26.0,0.55,22.666666666666668,4.0,12.5,0.5,740,48.0,27.0,21.0,8.0,0.29,62.0,53.0,18.333333333333332,505,28.5,36.0,31.0,21.0,5.0,31.0,37.0,163 lbs (74kg),72.0,26,1262,0.62,12.0,15.0,58.0,0.77,1151152,22.0,0.7,9.0,"Right-Handed, Two-Handed Backhand",2.0,26.0,23.0,26.0,13.0,19.0,39.0,64.0,6.0,72.0,42.0,49.0,10.0,47.0,30.0,56.714285714285715,3.0,83.0,32.75,Italy,14,12,0.5384615384615384,183,74
Felix Auger Aliassime,x,2118,1.0,9.0,29.0,"Montreal, Canada",0.66,2017.0,0.48,0.37,4.0,"6'4"" (193cm)",5.0,1517,25.0,2,27.0,15353830,3.6666666666666665,27.0,235 - 158,55.333333333333336,26.5,17.333333333333332,4588,0.36,10.0,0.5,18.0,52.0,7,42.0,71.0,0.2,6.0,24,47.0,83.0,26.0,0.64,22.666666666666668,4.0,12.5,0.51,2485,48.0,27.0,21.0,8.0,0.3,62.0,53.0,18.333333333333332,3444,6.0,36.0,31.0,21.0,5.0,31.0,37.0,194 lbs (88kg),72.0,27,4651,0.64,12.0,15.0,58.0,0.84,1277417,22.0,0.76,9.0,"Right-Handed, Two-Handed Backhand",2.0,26.0,23.0,28.0,13.0,19.0,39.0,64.0,6.0,72.0,42.0,49.0,10.0,47.0,30.0,56.714285714285715,3.0,83.0,32.75,Canada,20,11,0.6451612903225806,193,88
Hubert Hurkacz,x,1942,1.0,9.0,29.0,"Wroclaw, Poland",0.68,2015.0,0.48,0.37,4.0,"6'5"" (196cm)",5.0,759,6.0,0,27.0,17915662,3.6666666666666665,27.0,225 - 152,55.333333333333336,26.5,17.333333333333332,4765,0.35,10.0,0.52,18.0,52.0,8,42.0,71.0,0.18,6.0,28,47.0,83.0,26.0,0.63,22.666666666666668,4.0,12.5,0.51,2283,48.0,27.0,21.0,8.0,0.27,62.0,53.0,18.333333333333332,4146,28.5,36.0,31.0,21.0,5.0,31.0,37.0,179 lbs (81kg),72.0,28,4851,0.66,12.0,15.0,58.0,0.86,1045407,22.0,0.77,9.0,"Right-Handed, Two-Handed Backhand",2.0,26.0,23.0,28.0,13.0,19.0,39.0,64.0,6.0,72.0,42.0,49.0,10.0,47.0,30.0,56.714285714285715,3.0,83.0,32.75,Poland,14,10,0.5833333333333334,196,81
Alejandro Davidovich Fokina,x,2051,1.0,9.0,29.0,"Malaga, Spain",0.61,2017.0,0.52,0.42,4.0,"5'11"" (180cm)",5.0,650,25.0,0,27.0,8309304,3.6666666666666665,27.0,136 - 132,55.333333333333336,26.5,17.333333333333332,3298,0.39,10.0,0.51,18.0,52.0,0,42.0,71.0,0.26,6.0,25,47.0,83.0,26.0,0.67,22.666666666666668,4.0,21.0,0.5,2075,48.0,27.0,21.0,8.0,0.31,62.0,53.0,18.333333333333332,797,28.5,36.0,31.0,21.0,5.0,31.0,37.0,176 lbs (80kg),72.0,29,3289,0.59,12.0,15.0,58.0,0.75,1237823,22.0,0.66,9.0,"Right-Handed, Two-Handed Backhand",2.0,26.0,23.0,28.0,13.0,19.0,39.0,64.0,6.0,72.0,42.0,49.0,10.0,47.0,30.0,56.714285714285715,3.0,83.0,32.75,Spain,22,13,0.6285714285714286,180,80
Matteo Berrettini,Insta,1506,1.0,9.0,29.0,"Rome, Italy",0.69,2015.0,0.46,0.37,4.0,"6'5"" (196cm)",5.0,562,25.0,0,27.0,13315070,3.6666666666666665,27.0,201 - 108,55.333333333333336,26.5,17.333333333333332,3905,0.35,10.0,0.53,18.0,52.0,10,42.0,71.0,0.18,6.0,29,47.0,83.0,6.0,0.64,22.666666666666668,4.0,12.5,0.52,1892,48.0,27.0,21.0,8.0,0.28,62.0,53.0,18.333333333333332,2958,28.5,36.0,31.0,21.0,5.0,31.0,37.0,209 lbs (95kg),72.0,30,3892,0.69,12.0,15.0,58.0,0.88,786168,22.0,0.78,9.0,"Right-Handed, Two-Handed Backhand",2.0,26.0,23.0,28.0,13.0,19.0,39.0,64.0,6.0,72.0,42.0,49.0,10.0,47.0,30.0,56.714285714285715,3.0,83.0,32.75,Italy,13,10,0.5652173913043478,196,95
Denis Shapovalov,x,2306,1.0,9.0,29.0,,0.66,2017.0,0.48,0.38,4.0,"6'1"" (185cm)",5.0,2156,25.0,1,27.0,13299801,3.6666666666666665,27.0,220 - 182,55.333333333333336,26.5,17.333333333333332,4911,0.36,10.0,0.51,18.0,52.0,3,42.0,71.0,0.2,6.0,26,47.0,83.0,26.0,0.59,22.666666666666668,4.0,12.5,0.51,2545,48.0,27.0,21.0,8.0,0.29,62.0,53.0,18.333333333333332,3110,28.5,36.0,31.0,21.0,5.0,31.0,37.0,165 lbs (75kg),72.0,31,4923,0.65,12.0,15.0,58.0,0.84,1071247,22.0,0.76,9.0,"Left-Handed, One-Handed Backhand",2.0,26.0,23.0,28.0,13.0,19.0,39.0,64.0,6.0,72.0,42.0,49.0,10.0,47.0,30.0,56.714285714285715,3.0,83.0,32.75,Canada,13,10,0.5652173913043478,185,75
Brandon Nakashima,Insta,1014,1.0,9.0,29.0,"San Diego, CA, USA",0.67,2019.0,0.48,0.37,4.0,"6'2"" (188cm)",5.0,312,25.0,0,27.0,5432014,3.6666666666666665,27.0,110 - 94,55.333333333333336,26.5,29.0,2426,0.35,10.0,0.54,18.0,52.0,1,42.0,71.0,0.18,6.0,23,47.0,83.0,26.0,0.64,22.666666666666668,4.0,12.5,0.51,1156,48.0,27.0,21.0,8.0,0.27,62.0,53.0,18.333333333333332,1503,28.5,36.0,31.0,21.0,5.0,31.0,37.0,183 lbs (83kg),72.0,32,2458,0.63,12.0,15.0,58.0,0.85,804169,22.0,0.75,9.0,"Right-Handed, Two-Handed Backhand",2.0,26.0,23.0,28.0,13.0,19.0,39.0,64.0,6.0,72.0,42.0,49.0,10.0,47.0,30.0,56.714285714285715,3.0,83.0,32.75,United States,15,14,0.5172413793103449,188,83
Alex Michelsen,Insta,635,1.0,9.0,29.0,"Laguna Hills, CA, USA",0.64,2023.0,0.5,0.39,4.0,"6'4"" (193cm)",5.0,241,25.0,0,27.0,2685285,3.6666666666666665,27.0,54 - 50,55.333333333333336,26.5,17.333333333333332,1225,0.37,10.0,0.51,18.0,52.0,0,42.0,71.0,0.21,6.0,20,47.0,83.0,26.0,0.68,22.666666666666668,4.0,12.5,0.5,674,48.0,27.0,21.0,8.0,0.28,62.0,53.0,18.333333333333332,483,28.5,36.0,31.0,21.0,5.0,31.0,37.0,175 lbs (79kg),72.0,33,1233,0.6,12.0,15.0,58.0,0.79,616487,22.0,0.7,9.0,"Right-Handed, Two-Handed Backhand",2.0,26.0,23.0,28.0,13.0,19.0,39.0,64.0,6.0,72.0,42.0,49.0,10.0,47.0,30.0,56.714285714285715,3.0,83.0,32.0,United States,13,12,0.52,193,79
Jiri Lehecka,x,942,1.0,9.0,22.0,"Mlada Boleslav, Czechia",0.65,2020.0,0.47,0.38,4.0,"6'1"" (185cm)",5.0,354,25.0,1,27.0,5259315,3.6666666666666665,27.0,93 - 76,55.333333333333336,26.5,17.333333333333332,1785,0.35,10.0,0.52,18.0,52.0,2,42.0,71.0,0.19,6.0,23,47.0,83.0,26.0,0.63,22.666666666666668,4.0,12.5,0.5,890,48.0,27.0,21.0,8.0,0.28,62.0,53.0,18.333333333333332,930,28.5,36.0,31.0,21.0,5.0,31.0,37.0,179 lbs (81kg),72.0,34,1783,0.64,12.0,15.0,58.0,0.81,825058,22.0,0.72,9.0,"Right-Handed, Two-Handed Backhand",2.0,26.0,23.0,28.0,13.0,19.0,39.0,64.0,6.0,72.0,42.0,49.0,10.0,47.0,30.0,56.714285714285715,3.0,83.0,32.75,Czechia,16,10,0.6153846153846154,185,81
Tallon Griekspoor,x,1177,1.0,9.0,29.0,"Haarlem, Netherlands",0.66,2015.0,0.46,0.36,4.0,"6'2"" (188cm)",5.0,628,25.0,0,27.0,5848590,3.6666666666666665,27.0,111 - 105,55.333333333333336,26.5,17.333333333333332,2507,0.33,10.0,0.52,18.0,52.0,2,42.0,71.0,0.15,6.0,28,47.0,83.0,26.0,0.64,22.666666666666668,4.0,12.5,0.5,1024,48.0,27.0,21.0,8.0,0.25,62.0,53.0,18.333333333333332,1571,28.5,36.0,31.0,21.0,5.0,31.0,37.0,187 lbs (85kg),72.0,35,2513,0.65,12.0,15.0,58.0,0.84,805308,22.0,0.74,9.0,"Right-Handed, Two-Handed Backhand",2.0,26.0,23.0,28.0,13.0,19.0,39.0,64.0,6.0,72.0,42.0,49.0,10.0,47.0,30.0,56.714285714285715,3.0,83.0,32.75,Netherlands,18,11,0.6206896551724138,188,85
Matteo Arnaldi,Insta,854,1.0,9.0,29.0,"Sanremo, Italy",0.62,2019.0,0.49,0.4,4.0,"6'1"" (185cm)",5.0,350,25.0,0,27.0,3772960,3.6666666666666665,27.0,62 - 56,55.333333333333336,26.5,17.333333333333332,1406,0.37,10.0,0.51,18.0,52.0,0,42.0,71.0,0.22,6.0,24,47.0,83.0,26.0,0.57,30.0,4.0,12.5,0.5,753,48.0,27.0,21.0,8.0,0.3,62.0,53.0,18.333333333333332,727,28.5,36.0,31.0,21.0,5.0,31.0,37.0,157 lbs (71kg),72.0,36,1426,0.64,12.0,15.0,58.0,0.78,614472,22.0,0.7,9.0,"Right-Handed, Two-Handed Backhand",2.0,26.0,23.0,28.0,13.0,19.0,39.0,64.0,6.0,72.0,42.0,49.0,10.0,47.0,30.0,56.714285714285715,3.0,83.0,32.75,Italy,14,12,0.5384615384615384,185,71
Giovanni Mpetshi Perricard,x,252,1.0,9.0,29.0,Lyon,0.69,2021.0,0.38,0.36,4.0,"6'8"" (203cm)",5.0,247,25.0,0,27.0,2206064,3.6666666666666665,27.0,25 - 25,55.333333333333336,26.5,17.333333333333332,649,0.28,10.0,0.53,18.0,52.0,2,42.0,71.0,0.09,6.0,21,47.0,83.0,26.0,0.65,22.666666666666668,4.0,12.5,0.49,159,48.0,27.0,21.0,8.0,0.22,62.0,53.0,18.333333333333332,795,28.5,36.0,31.0,21.0,5.0,31.0,37.0,216 lbs (98kg),72.0,37,661,0.69,12.0,15.0,58.0,0.88,450529,22.0,0.78,9.0,"Right-Handed, One-Handed Backhand",2.0,26.0,23.0,28.0,13.0,19.0,39.0,64.0,6.0,72.0,42.0,49.0,10.0,47.0,30.0,56.714285714285715,3.0,83.0,32.75,France,7,10,0.4117647058823529,203,98
Sebastian Baez,x,1384,1.0,9.0,29.0,"Buenos Aires, Argentina",0.61,2018.0,0.51,0.4,4.0,"5'7"" (170cm)",5.0,329,25.0,1,27.0,5327414,3.6666666666666665,27.0,104 - 99,55.333333333333336,26.5,17.333333333333332,2180,0.4,10.0,0.52,18.0,52.0,7,42.0,71.0,0.27,6.0,24,47.0,83.0,26.0,0.72,22.666666666666668,4.0,12.5,0.5,1470,48.0,27.0,21.0,8.0,0.33,62.0,53.0,18.333333333333332,340,28.5,36.0,31.0,21.0,5.0,31.0,37.0,154 lbs (70kg),72.0,38,2153,0.59,12.0,15.0,58.0,0.74,905124,22.0,0.64,9.0,"Right-Handed, Two-Handed Backhand",2.0,26.0,23.0,28.0,13.0,19.0,39.0,64.0,6.0,72.0,42.0,49.0,10.0,47.0,30.0,56.714285714285715,3.0,83.0,32.75,Argentina,13,12,0.52,170,70
Alexandre Muller,x,739,1.0,9.0,29.0,"Poissy, France",0.6,2014.0,0.52,0.41,4.0,"6'0"" (183cm)",5.0,185,25.0,1,27.0,3087850,3.6666666666666665,27.0,44 - 51,39.0,26.5,17.333333333333332,1153,0.38,10.0,0.5,18.0,52.0,1,42.0,71.0,0.23,6.0,28,47.0,83.0,26.0,0.66,22.666666666666668,4.0,12.5,0.49,635,48.0,27.0,21.0,8.0,0.29,62.0,53.0,18.333333333333332,335,28.5,36.0,31.0,21.0,5.0,31.0,37.0,165 lbs (75kg),72.0,39,1161,0.58,12.0,15.0,58.0,0.73,796304,22.0,0.66,9.0,"Right-Handed, Two-Handed Backhand",2.0,26.0,23.0,28.0,13.0,19.0,39.0,64.0,6.0,72.0,42.0,49.0,10.0,47.0,30.0,56.714285714285715,3.0,83.0,32.75,France,17,12,0.5862068965517241,183,75
Jordan Thompson,x,2098,1.0,9.0,29.0,"Sydney, Australia",0.64,2013.0,0.48,0.37,4.0,"6'0"" (183cm)",5.0,577,25.0,0,27.0,8520291,3.6666666666666665,27.0,147 - 165,55.333333333333336,26.5,17.333333333333332,3857,0.36,10.0,0.51,18.0,52.0,1,42.0,71.0,0.19,6.0,31,47.0,83.0,26.0,0.62,22.666666666666668,4.0,12.5,0.5,2006,48.0,27.0,21.0,8.0,0.28,62.0,53.0,18.333333333333332,2031,28.5,36.0,31.0,21.0,5.0,31.0,37.0,181 lbs (82kg),72.0,40,3860,0.61,12.0,15.0,58.0,0.79,323229,22.0,0.72,9.0,"Right-Handed, Two-Handed Backhand",2.0,26.0,23.0,28.0,13.0,19.0,39.0,64.0,6.0,72.0,42.0,49.0,10.0,47.0,30.0,56.714285714285715,3.0,83.0,32.75,Australia,7,6,0.5384615384615384,183,82
Nuno Borges,x,769,1.0,9.0,29.0,"Maia, Portugal",0.63,2019.0,0.5,0.36,4.0,"6'1"" (185cm)",5.0,297,25.0,0,27.0,3288507,3.6666666666666665,27.0,56 - 64,55.333333333333336,26.5,17.333333333333332,1428,0.36,10.0,0.51,18.0,52.0,1,42.0,71.0,0.19,6.0,28,47.0,83.0,26.0,0.64,22.666666666666668,4.0,12.5,0.5,731,48.0,27.0,21.0,8.0,0.28,62.0,53.0,18.333333333333332,577,28.5,36.0,31.0,21.0,5.0,31.0,37.0,171 lbs (78kg),72.0,41,1416,0.6,12.0,15.0,58.0,0.78,595259,22.0,0.7,9.0,"Right-Handed, Two-Handed Backhand",2.0,26.0,23.0,28.0,13.0,19.0,39.0,64.0,6.0,72.0,42.0,49.0,10.0,47.0,30.0,56.714285714285715,3.0,83.0,32.75,Portugal,16,14,0.5333333333333333,185,78
Gael Monfils,x,5639,1.0,9.0,29.0,"Paris, France",0.64,2004.0,0.49,0.41,4.0,"6'4"" (193cm)",5.0,3355,25.0,1,27.0,23955079,3.6666666666666665,27.0,581 - 342,55.333333333333336,26.5,17.333333333333332,11357,0.38,10.0,0.5,18.0,52.0,13,42.0,71.0,0.25,6.0,38,47.0,83.0,26.0,0.62,22.666666666666668,4.0,12.5,0.51,6864,48.0,27.0,21.0,8.0,0.32,62.0,53.0,18.333333333333332,7519,28.5,36.0,31.0,21.0,5.0,31.0,37.0,187 lbs (85kg),72.0,42,11372,0.62,12.0,15.0,58.0,0.81,670973,22.0,0.73,9.0,"Right-Handed, Two-Handed Backhand",2.0,26.0,23.0,28.0,13.0,19.0,39.0,64.0,6.0,72.0,42.0,49.0,10.0,47.0,30.0,56.714285714285715,3.0,83.0,32.75,France,16,7,0.6956521739130435,193,85
Marcos Giron,x,1642,1.0,9.0,29.0,"Thousand Oaks, CA, USA",0.63,2014.0,0.49,0.38,4.0,"5'11"" (180cm)",5.0,411,37.0,0,27.0,5535239,3.6666666666666665,27.0,118 - 130,55.333333333333336,26.5,17.333333333333332,3119,0.36,10.0,0.51,18.0,52.0,1,42.0,71.0,0.19,6.0,31,47.0,83.0,26.0,0.61,22.666666666666668,4.0,12.5,0.49,1587,48.0,27.0,21.0,8.0,0.28,62.0,53.0,18.333333333333332,1274,28.5,36.0,31.0,21.0,5.0,31.0,37.0,170 lbs (77kg),72.0,43,3079,0.6,12.0,15.0,58.0,0.79,625298,22.0,0.72,9.0,"Right-Handed, Two-Handed Backhand",2.0,26.0,23.0,28.0,13.0,19.0,39.0,64.0,6.0,72.0,42.0,49.0,10.0,47.0,30.0,56.714285714285715,3.0,83.0,32.75,United States,14,11,0.56,180,77
Lorenzo Sonego,Insta,1891,1.0,9.0,29.0,"Turin, Italy",0.65,2013.0,0.46,0.37,4.0,"6'3"" (191cm)",5.0,612,25.0,0,27.0,7614328,3.6666666666666665,27.0,151 - 167,55.333333333333336,26.5,17.333333333333332,3888,0.34,10.0,0.51,18.0,52.0,4,42.0,71.0,0.17,6.0,30,47.0,83.0,26.0,0.66,22.666666666666668,4.0,12.5,0.5,1799,48.0,27.0,21.0,8.0,0.28,62.0,53.0,18.333333333333332,1871,28.5,36.0,31.0,21.0,5.0,31.0,37.0,168 lbs (76kg),72.0,44,3899,0.63,12.0,15.0,58.0,0.82,661248,22.0,0.73,9.0,"Right-Handed, Two-Handed Backhand",2.0,26.0,23.0,28.0,13.0,19.0,39.0,64.0,6.0,72.0,42.0,49.0,10.0,47.0,30.0,56.714285714285715,3.0,83.0,32.75,Italy,9,12,0.42857142857142855,191,76
Luciano Darderi,x,495,1.0,9.0,29.0,"Villa Gesell, Argentina",0.63,2015.629213483146,0.5,0.37,4.0,"6'0"" (183cm)",5.0,188,32.0,1,27.0,2020671,3.6666666666666665,27.0,38 - 40,55.333333333333336,26.5,17.333333333333332,875,0.36,10.0,0.52,18.0,52.0,2,42.0,71.0,0.2,6.0,23,47.0,83.0,26.0,0.59,22.666666666666668,4.0,12.5,0.5,478,48.0,27.0,21.0,8.0,0.28,62.0,53.0,18.333333333333332,408,28.5,36.0,31.0,21.0,5.0,31.0,37.0,180 lbs (82kg),72.0,45,885,0.61,12.0,15.0,58.0,0.78,560371,22.0,0.7,9.0,"Right-Handed, Two-Handed Backhand",2.0,26.0,23.0,28.0,13.0,19.0,39.0,64.0,6.0,72.0,42.0,49.0,10.0,47.0,30.0,56.714285714285715,3.0,83.0,32.75,Italy,13,12,0.52,183,82
Miomir Kecmanovic,x,2061,1.0,9.0,29.0,"Belgrade, Serbia",0.64,2017.0,0.51,0.39,4.0,"6'0"" (183cm)",5.0,625,25.0,1,27.0,7192630,3.6666666666666665,27.0,158 - 161,55.333333333333336,26.5,17.333333333333332,3766,0.37,10.0,0.53,18.0,52.0,2,42.0,71.0,0.22,6.0,25,47.0,83.0,26.0,0.61,22.666666666666668,4.0,12.5,0.5,2071,48.0,27.0,21.0,8.0,0.28,62.0,53.0,18.333333333333332,1269,28.5,36.0,31.0,21.0,5.0,31.0,37.0,165 lbs (75kg),72.0,46,3733,0.61,12.0,15.0,58.0,0.79,580375,22.0,0.7,9.0,"Right-Handed, Two-Handed Backhand",2.0,26.0,23.0,28.0,13.0,19.0,39.0,64.0,6.0,72.0,42.0,49.0,10.0,47.0,30.0,56.714285714285715,3.0,83.0,32.75,Serbia,13,13,0.5,183,75
David Goffin,x,4091,1.0,9.0,29.0,"Rocourt, Belgium",0.62,2009.0,0.52,0.41,4.0,"5'11"" (180cm)",5.0,1959,25.0,0,27.0,18413458,3.6666666666666665,27.0,353 - 263,55.333333333333336,26.5,17.333333333333332,7126,0.4,10.0,0.5,18.0,52.0,6,42.0,71.0,0.27,6.0,34,47.0,83.0,26.0,0.58,22.666666666666668,4.0,12.5,0.51,4711,48.0,27.0,21.0,8.0,0.31,62.0,53.0,18.333333333333332,3016,28.5,36.0,31.0,21.0,7.0,31.0,37.0,154 lbs (70kg),72.0,47,7031,0.59,12.0,15.0,58.0,0.76,409804,22.0,0.71,9.0,"Right-Handed, Two-Handed Backhand",2.0,26.0,23.0,28.0,13.0,19.0,39.0,64.0,6.0,72.0,42.0,49.0,10.0,47.0,30.0,56.714285714285715,3.0,83.0,32.75,Belgium,7,10,0.4117647058823529,180,70
Pedro Martinez,x,1492,1.0,9.0,36.0,"Alzira, Spain",0.59,2016.0,0.51,0.39,4.0,"6'1"" (185cm)",5.0,668,25.0,0,27.0,4961870,3.6666666666666665,27.0,78 - 106,55.333333333333336,26.5,17.333333333333332,2189,0.38,10.0,0.48,18.0,52.0,1,42.0,71.0,0.24,6.0,28,47.0,83.0,26.0,0.67,22.666666666666668,4.0,12.5,0.49,1334,48.0,27.0,21.0,8.0,0.3,62.0,53.0,18.333333333333332,371,28.5,36.0,31.0,21.0,5.0,31.0,37.0,168 lbs (76kg),72.0,48,2183,0.59,12.0,15.0,58.0,0.72,531708,22.0,0.65,9.0,"Right-Handed, Two-Handed Backhand",2.0,26.0,23.0,28.0,13.0,19.0,39.0,64.0,6.0,72.0,42.0,49.0,10.0,47.0,30.0,56.714285714285715,3.0,83.0,32.75,Spain,10,15,0.4,185,76
Roberto Bautista Agut,Youtube,4432,1.0,9.0,29.0,"Castellon de la Plana, Spain",0.64,2005.0,0.53,0.41,4.0,"6'0"" (183cm)",5.0,1315,25.0,0,27.0,19263944,3.6666666666666665,27.0,424 - 280,55.333333333333336,26.5,17.333333333333332,8299,0.39,10.0,0.54,18.0,52.0,12,42.0,71.0,0.26,6.0,37,47.0,83.0,26.0,0.66,22.666666666666668,4.0,12.5,0.52,5165,48.0,27.0,21.0,8.0,0.3,62.0,53.0,18.333333333333332,2114,28.5,36.0,31.0,21.0,5.0,31.0,37.0,165 lbs (75kg),72.0,49,8444,0.62,12.0,15.0,58.0,0.8,459855,22.0,0.7,9.0,"Right-Handed, Two-Handed Backhand",2.0,26.0,23.0,28.0,13.0,19.0,39.0,64.0,6.0,72.0,42.0,49.0,10.0,47.0,30.0,56.714285714285715,3.0,83.0,32.75,Spain,7,13,0.35,183,75
Zizou Bergs,x,489,1.0,9.0,29.0,"Lommel, Belgium",0.64,2018.0,0.49,0.38,4.0,"6'1"" (185cm)",5.0,223,25.0,0,27.0,1974896,3.6666666666666665,27.0,40 - 48,55.333333333333336,26.5,17.333333333333332,927,0.36,10.0,0.51,18.0,52.0,0,42.0,71.0,0.19,6.0,25,47.0,83.0,26.0,0.62,22.666666666666668,4.0,12.5,0.5,471,48.0,27.0,21.0,8.0,0.28,62.0,53.0,18.333333333333332,465,28.5,36.0,31.0,21.0,5.0,31.0,37.0,193 lbs (88kg),72.0,50,917,0.61,12.0,15.0,58.0,0.79,496037,22.0,0.72,9.0,"Right-Handed, Two-Handed Backhand",2.0,26.0,23.0,28.0,13.0,19.0,39.0,64.0,6.0,72.0,42.0,49.0,10.0,47.0,30.0,49.0,3.0,83.0,32.75,Belgium,17,11,0.6071428571428571,185,88
Camilo Ugo Carabelli,x,306,1.0,9.0,29.0,"Buenos Aires, Argentina",0.57,2016.0,0.49,0.45,4.0,"6'1"" (185cm)",5.0,96,25.0,0,27.0,1337446,3.6666666666666665,27.0,15 - 19,55.333333333333336,26.5,17.333333333333332,411,0.38,10.0,0.43,18.0,52.0,0,42.0,71.0,0.23,6.0,25,47.0,83.0,26.0,0.64,22.666666666666668,4.0,12.5,0.48,214,48.0,27.0,21.0,8.0,0.32,62.0,53.0,18.333333333333332,89,28.5,36.0,31.0,21.0,5.0,31.0,37.0,182 lbs (83kg),72.0,51,411,0.56,12.0,15.0,58.0,0.67,494374,22.0,0.66,9.0,"Right-Handed, Two-Handed Backhand",2.0,26.0,23.0,51.0,13.0,19.0,39.0,64.0,6.0,72.0,42.0,49.0,10.0,47.0,30.0,56.714285714285715,3.0,83.0,32.75,Argentina,11,10,0.5238095238095238,185,83
Quentin Halys,x,765,1.0,9.0,29.0,"Bondy, France",0.66,2012.0,0.45,0.35,4.0,"6'3"" (191cm)",5.0,551,25.0,0,27.0,3778089,3.6666666666666665,27.0,42 - 72,55.333333333333336,26.5,17.333333333333332,1576,0.33,10.0,0.48,18.0,52.0,0,42.0,71.0,0.15,6.0,28,47.0,83.0,26.0,0.59,22.666666666666668,4.0,12.5,0.49,648,48.0,27.0,21.0,8.0,0.25,62.0,53.0,18.333333333333332,1430,28.5,36.0,31.0,21.0,5.0,31.0,37.0,187 lbs (85kg),72.0,52,1592,0.66,12.0,15.0,58.0,0.84,482376,22.0,0.78,9.0,"Right-Handed, Two-Handed Backhand",2.0,26.0,23.0,28.0,13.0,19.0,39.0,64.0,6.0,72.0,42.0,49.0,10.0,47.0,30.0,50.0,3.0,83.0,32.75,France,7,10,0.4117647058823529,191,85
Tomas Martin Etcheverry,x,1081,1.0,9.0,29.0,"La Plata, Argentina",0.64,2017.0,0.49,0.37,4.0,"6'5"" (196cm)",5.0,269,25.0,0,27.0,4549804,3.6666666666666665,27.0,77 - 87,55.333333333333336,26.5,17.333333333333332,1970,0.37,10.0,0.51,18.0,52.0,0,42.0,71.0,0.21,6.0,25,47.0,83.0,26.0,0.65,22.666666666666668,4.0,12.5,0.5,1113,48.0,27.0,21.0,8.0,0.29,62.0,53.0,18.333333333333332,941,28.5,36.0,31.0,21.0,5.0,31.0,37.0,180 lbs (82kg),72.0,53,1963,0.64,12.0,15.0,58.0,0.8,659630,22.0,0.71,9.0,"Right-Handed, Two-Handed Backhand",2.0,26.0,23.0,28.0,13.0,19.0,39.0,64.0,6.0,72.0,42.0,49.0,10.0,47.0,30.0,56.714285714285715,3.0,83.0,32.75,Argentina,12,15,0.4444444444444444,196,82
Gabriel Diallo,Insta,262,1.0,9.0,29.0,"Montreal, Canada",0.63,2023.0,0.46,0.36,4.0,"6'8"" (203cm)",5.0,107,25.0,0,27.0,1341670,3.6666666666666665,27.0,21 - 25,55.333333333333336,26.5,17.333333333333332,486,0.35,10.0,0.48,18.0,52.0,0,42.0,71.0,0.19,6.0,23,47.0,83.0,26.0,0.67,22.666666666666668,4.0,12.5,0.5,252,48.0,27.0,21.0,8.0,0.29,62.0,53.0,18.333333333333332,295,28.5,36.0,31.0,21.0,5.0,31.0,37.0,198 lbs (90kg),72.0,54,494,0.61,12.0,15.0,58.0,0.79,462432,22.0,0.71,9.0,"Right-Handed, Two-Handed Backhand",2.0,26.0,23.0,28.0,13.0,19.0,39.0,64.0,6.0,72.0,42.0,49.0,10.0,47.0,30.0,53.0,3.0,83.0,32.75,Canada,10,10,0.5,203,90
Jacob Fearnley,x,118,1.0,9.0,29.0,Worcester,0.63,2015.629213483146,0.5,0.38,4.0,"6'0"" (183cm)",5.0,85,25.0,0,27.0,721346,3.6666666666666665,27.0,11 - 11,55.333333333333336,26.5,17.333333333333332,246,0.36,10.0,0.51,18.0,52.0,0,42.0,71.0,0.22,6.0,23,47.0,83.0,26.0,0.6,22.666666666666668,4.0,12.5,0.5,140,48.0,27.0,21.0,8.0,0.29,62.0,53.0,18.333333333333332,116,28.5,36.0,31.0,21.0,5.0,31.0,37.0,176 lbs (80kg),72.0,55,242,0.56,12.0,15.0,58.0,0.79,406978,22.0,0.71,9.0,"Right-Handed, Two-Handed Backhand",2.0,26.0,23.0,28.0,13.0,19.0,39.0,64.0,6.0,72.0,42.0,49.0,10.0,47.0,30.0,54.0,3.0,83.0,32.75,Great Britain,9,8,0.5294117647058824,183,80
Fabian Marozsan,Insta,600,1.0,9.0,29.0,"Budapest, Hungary",0.63,2017.0,0.52,0.38,4.0,"6'4"" (193cm)",5.0,214,25.0,0,27.0,2885944,3.6666666666666665,27.0,49 - 50,55.333333333333336,36.0,17.333333333333332,1136,0.37,10.0,0.51,18.0,52.0,0,42.0,71.0,0.21,6.0,25,47.0,83.0,26.0,0.64,22.666666666666668,4.0,12.5,0.5,635,48.0,27.0,21.0,8.0,0.27,62.0,53.0,18.333333333333332,458,28.5,36.0,31.0,21.0,5.0,31.0,37.0,165 lbs (75kg),72.0,56,1157,0.59,12.0,15.0,58.0,0.78,647225,22.0,0.7,9.0,"Right-Handed, Two-Handed Backhand",2.0,26.0,23.0,28.0,13.0,19.0,39.0,64.0,6.0,72.0,42.0,49.0,10.0,47.0,30.0,56.714285714285715,3.0,83.0,32.75,Hungary,14,13,0.5185185185185185,193,75
Jaume Munar,x,1930,1.0,9.0,29.0,"Santanyi, Mallorca, Spain",0.61,2014.0,0.5,0.38,4.0,"6'0"" (183cm)",5.0,754,25.0,0,27.0,5410104,3.6666666666666665,27.0,103 - 145,55.333333333333336,26.5,17.333333333333332,3017,0.39,10.0,0.48,18.0,52.0,0,42.0,71.0,0.24,6.0,28,47.0,83.0,26.0,0.65,22.666666666666668,4.0,12.5,0.5,1939,48.0,27.0,21.0,8.0,0.32,62.0,53.0,18.333333333333332,871,28.5,36.0,31.0,21.0,5.0,31.0,37.0,168 lbs (76kg),72.0,57,3027,0.59,12.0,15.0,58.0,0.74,600011,22.0,0.68,9.0,"Right-Handed, Two-Handed Backhand",2.0,26.0,23.0,28.0,13.0,19.0,39.0,64.0,6.0,72.0,42.0,49.0,10.0,47.0,30.0,56.714285714285715,3.0,83.0,32.75,Spain,13,11,0.5416666666666666,183,76
Kei Nishikori,x,4177,1.0,9.0,29.0,"Shimane, Japan",0.64,2007.0,0.53,0.41,4.0,"5'10"" (178cm)",5.0,1676,25.0,0,27.0,25973785,3.6666666666666665,27.0,451 - 230,55.333333333333336,26.5,17.333333333333332,8062,0.39,10.0,0.53,18.0,52.0,12,42.0,71.0,0.27,6.0,35,47.0,83.0,26.0,0.62,22.666666666666668,4.0,12.5,0.51,5310,48.0,27.0,21.0,8.0,0.3,62.0,53.0,18.333333333333332,2127,28.5,36.0,31.0,21.0,5.0,31.0,37.0,161 lbs (73kg),72.0,58,8009,0.61,12.0,15.0,58.0,0.8,323778,22.0,0.7,9.0,"Right-Handed, Two-Handed Backhand",2.0,26.0,23.0,28.0,13.0,19.0,39.0,64.0,6.0,72.0,42.0,49.0,10.0,47.0,30.0,56.714285714285715,3.0,83.0,32.75,Japan,10,9,0.5263157894736842,178,73
Laslo Djere,Insta,2068,1.0,9.0,29.0,"Senta, Serbia",0.63,2013.0,0.49,0.38,4.0,"6'2"" (188cm)",5.0,970,25.0,1,27.0,6252527,3.6666666666666665,27.0,154 - 154,55.333333333333336,26.5,17.333333333333332,3635,0.37,10.0,0.5,18.0,52.0,3,42.0,71.0,0.21,6.0,29,47.0,83.0,26.0,0.61,22.666666666666668,4.0,12.5,0.5,2006,48.0,27.0,21.0,8.0,0.29,62.0,53.0,18.333333333333332,1603,28.5,36.0,31.0,21.0,5.0,31.0,37.0,181 lbs (82kg),72.0,59,3623,0.62,12.0,15.0,58.0,0.78,346468,22.0,0.71,9.0,"Right-Handed, Two-Handed Backhand",2.0,26.0,23.0,28.0,13.0,19.0,39.0,64.0,6.0,72.0,42.0,49.0,10.0,47.0,30.0,56.714285714285715,3.0,83.0,32.75,Serbia,12,4,0.75,188,82
Benjamin Bonzi,x,784,1.0,9.0,29.0,"Nimes, France",0.64,2015.0,0.5,0.39,4.0,"6'0"" (183cm)",5.0,254,25.0,0,27.0,3317989,3.6666666666666665,27.0,52 - 67,55.333333333333336,26.5,17.333333333333332,1422,0.36,10.0,0.52,18.0,52.0,1,42.0,71.0,0.2,6.0,28,47.0,83.0,26.0,0.61,22.666666666666668,4.0,12.5,0.5,747,48.0,27.0,21.0,8.0,0.28,62.0,53.0,18.333333333333332,711,28.5,36.0,31.0,21.0,5.0,31.0,37.0,180 lbs (82kg),72.0,60,1435,0.63,12.0,15.0,58.0,0.8,366518,22.0,0.72,9.0,"Right-Handed, Two-Handed Backhand",2.0,26.0,23.0,28.0,13.0,19.0,39.0,64.0,6.0,72.0,42.0,49.0,10.0,47.0,30.0,56.714285714285715,3.0,83.0,32.75,France,6,8,0.42857142857142855,183,82
Alejandro Tabilo,Insta,783,1.0,9.0,29.0,"Toronto, Canada",0.63,2015.0,0.5,0.4,4.0,"6'2"" (188cm)",5.0,320,25.0,0,27.0,3791423,3.6666666666666665,27.0,61 - 65,55.333333333333336,26.5,17.333333333333332,1378,0.37,10.0,0.48,18.0,52.0,2,42.0,71.0,0.21,6.0,27,47.0,83.0,26.0,0.63,22.666666666666668,4.0,12.5,0.5,735,48.0,27.0,21.0,8.0,0.29,62.0,53.0,18.333333333333332,737,28.5,36.0,31.0,21.0,5.0,31.0,37.0,165 lbs (75kg),72.0,61,1405,0.62,12.0,15.0,58.0,0.79,369028,22.0,0.72,9.0,"Left-Handed, Two-Handed Backhand",2.0,26.0,23.0,28.0,13.0,19.0,39.0,64.0,6.0,72.0,42.0,49.0,10.0,47.0,30.0,56.714285714285715,3.0,83.0,32.75,Chile,4,10,0.2857142857142857,188,75
Alexander Bublik,x,2036,1.0,9.0,29.0,"Gatchina, Russia",0.63,2016.0,0.46,0.39,4.0,"6'5"" (196cm)",5.0,2044,25.0,0,27.0,8163052,3.6666666666666665,27.0,159 - 163,55.333333333333336,17.0,17.333333333333332,3743,0.35,10.0,0.45,18.0,52.0,4,42.0,71.0,0.18,6.0,27,47.0,83.0,26.0,0.59,22.666666666666668,4.0,12.5,0.49,1764,48.0,27.0,21.0,8.0,0.28,62.0,53.0,18.333333333333332,3692,28.5,36.0,31.0,21.0,5.0,31.0,37.0,180 lbs (82kg),72.0,62,3751,0.62,12.0,15.0,58.0,0.79,509866,22.0,0.77,9.0,"Right-Handed, Two-Handed Backhand",2.0,26.0,23.0,28.0,13.0,19.0,39.0,64.0,6.0,72.0,42.0,49.0,10.0,47.0,30.0,56.714285714285715,3.0,83.0,32.75,Kazakhstan,7,13,0.35,196,82
Roberto Carballes Baena,x,2135,1.0,9.0,29.0,"Tenerife, Spain",0.61,2011.0,0.51,0.42,4.0,"6'0"" (183cm)",5.0,785,25.0,0,27.0,5748127,3.6666666666666665,27.0,127 - 158,55.333333333333336,26.5,17.333333333333332,3396,0.38,10.0,0.5,18.0,52.0,2,42.0,71.0,0.23,6.0,32,47.0,83.0,26.0,0.63,22.666666666666668,4.0,12.5,0.49,1906,48.0,27.0,21.0,8.0,0.3,62.0,53.0,18.333333333333332,769,28.5,36.0,31.0,21.0,5.0,31.0,37.0,170 lbs (77kg),72.0,63,3358,0.58,12.0,15.0,58.0,0.73,420126,22.0,0.67,9.0,"Right-Handed, Two-Handed Backhand",2.0,26.0,23.0,28.0,13.0,19.0,39.0,64.0,6.0,72.0,42.0,49.0,10.0,47.0,30.0,56.714285714285715,3.0,83.0,32.75,Spain,9,12,0.42857142857142855,183,77
Francisco Comesana,x,230,1.0,9.0,29.0,Mar del Plata,0.64,2015.629213483146,0.46,0.34,4.0,"5'10"" (178cm)",5.0,92,25.0,0,27.0,1236086,3.6666666666666665,27.0,13 - 17,61.0,26.5,17.333333333333332,428,0.35,10.0,0.5,18.0,52.0,0,42.0,71.0,0.16,6.0,24,47.0,83.0,26.0,0.62,22.666666666666668,4.0,12.5,0.49,208,48.0,27.0,21.0,8.0,0.29,62.0,53.0,18.333333333333332,234,28.5,36.0,31.0,21.0,5.0,31.0,37.0,158 lbs (72kg),72.0,64,432,0.61,12.0,15.0,58.0,0.79,431620,22.0,0.72,9.0,"Right-Handed, Two-Handed Backhand",2.0,26.0,23.0,28.0,13.0,19.0,39.0,64.0,6.0,72.0,42.0,49.0,10.0,47.0,30.0,56.714285714285715,3.0,83.0,32.75,Argentina,9,10,0.47368421052631576,178,72
Joao Fonseca,Insta,184,1.0,9.0,29.0,Rio de janeiro,0.64,2015.629213483146,0.48,0.36,4.0,"6'2"" (188cm)",5.0,66,25.0,1,27.0,1290400,3.6666666666666665,27.0,21 - 15,55.333333333333336,26.5,17.333333333333332,391,0.37,10.0,0.53,18.0,52.0,1,42.0,71.0,0.23,6.0,18,47.0,83.0,26.0,0.65,22.666666666666668,4.0,12.5,0.5,255,48.0,27.0,21.0,8.0,0.31,62.0,53.0,18.333333333333332,159,28.5,36.0,31.0,21.0,5.0,31.0,37.0,179 lbs (81kg),59.0,65,386,0.58,12.0,15.0,58.0,0.8,471693,22.0,0.7,9.0,"Right-Handed, Two-Handed Backhand",2.0,26.0,23.0,28.0,13.0,19.0,39.0,64.0,6.0,72.0,42.0,49.0,10.0,47.0,30.0,56.714285714285715,3.0,83.0,32.75,Brazil,10,7,0.5882352941176471,188,81
Daniel Altmaier,x,1113,1.0,9.0,29.0,"Kempen, Germany",0.62,2014.0,0.47,0.38,4.0,"6'2"" (188cm)",5.0,348,25.0,0,27.0,3833008,3.6666666666666665,27.0,53 - 95,55.333333333333336,26.5,17.333333333333332,1800,0.35,10.0,0.48,18.0,52.0,0,42.0,71.0,0.18,6.0,26,47.0,83.0,26.0,0.62,22.666666666666668,4.0,12.5,0.48,869,48.0,27.0,21.0,8.0,0.27,62.0,53.0,18.333333333333332,886,28.5,36.0,31.0,21.0,5.0,31.0,37.0,176 lbs (80kg),72.0,66,1787,0.62,12.0,15.0,58.0,0.76,521183,22.0,0.7,9.0,"Right-Handed, One-Handed Backhand",2.0,26.0,23.0,28.0,13.0,19.0,39.0,64.0,6.0,72.0,42.0,49.0,10.0,47.0,30.0,56.714285714285715,3.0,83.0,32.75,Germany,9,13,0.4090909090909091,188,80
Learner Tien,Insta,290,1.0,9.0,29.0,"Irvine, CA, USA",0.6,2023.0,0.53,0.39,4.0,"5'11"" (180cm)",5.0,108,25.0,0,27.0,1237089,3.6666666666666665,27.0,12 - 17,55.333333333333336,26.5,17.333333333333332,390,0.37,10.0,0.49,18.0,52.0,0,42.0,71.0,0.21,6.0,19,47.0,83.0,26.0,0.63,22.666666666666668,4.0,12.5,0.48,215,48.0,27.0,21.0,8.0,0.27,62.0,53.0,18.333333333333332,123,28.5,36.0,31.0,21.0,5.0,31.0,37.0,160 lbs (73kg),72.0,67,393,0.62,12.0,15.0,58.0,0.72,501675,22.0,0.66,9.0,"Left-Handed, Two-Handed Backhand",2.0,26.0,23.0,28.0,13.0,19.0,39.0,64.0,6.0,72.0,42.0,49.0,10.0,47.0,30.0,56.714285714285715,3.0,66.0,32.75,United States,7,11,0.3888888888888889,180,73
Mattia Bellucci,Insta,192,1.0,9.0,29.0,Busto Arsizio,0.65,2015.629213483146,0.45,0.3,4.0,"5'9"" (175cm)",5.0,90,25.0,0,27.0,1157944,3.6666666666666665,27.0,12 - 16,66.0,26.5,17.333333333333332,347,0.34,10.0,0.5,18.0,52.0,0,42.0,71.0,0.15,6.0,23,47.0,83.0,26.0,0.61,22.666666666666668,4.0,12.5,0.49,175,48.0,27.0,21.0,8.0,0.26,62.0,53.0,18.333333333333332,234,28.5,36.0,31.0,21.0,5.0,31.0,37.0,169 lbs (77kg),72.0,68,346,0.68,12.0,15.0,58.0,0.82,323964,22.0,0.74,9.0,"Left-Handed, Two-Handed Backhand",2.0,26.0,23.0,28.0,13.0,19.0,39.0,64.0,6.0,72.0,42.0,49.0,10.0,47.0,30.0,56.714285714285715,3.0,83.0,32.75,Italy,6,7,0.46153846153846156,175,77
Damir Dzumhur,x,2061,1.0,9.0,29.0,"Sarajevo, Bosnia-Herzegovina",0.59,2011.0,0.5,0.43,4.0,"5'9"" (175cm)",5.0,703,25.0,0,27.0,5601344,3.6666666666666665,27.0,140 - 155,55.333333333333336,26.5,17.333333333333332,3112,0.39,10.0,0.5,18.0,52.0,3,42.0,71.0,0.26,6.0,33,47.0,83.0,26.0,0.65,22.666666666666668,4.0,12.5,0.49,1914,48.0,27.0,21.0,8.0,0.32,62.0,53.0,18.333333333333332,607,28.5,36.0,31.0,21.0,5.0,31.0,37.0,150 lbs (68kg),72.0,69,3059,0.56,12.0,15.0,58.0,0.71,391370,22.0,0.65,9.0,"Right-Handed, Two-Handed Backhand",2.0,26.0,23.0,28.0,13.0,19.0,39.0,64.0,6.0,72.0,42.0,49.0,10.0,47.0,30.0,56.714285714285715,3.0,83.0,32.75,Bosnia-Herzegovina,11,10,0.5238095238095238,175,68
Yunchaokete Bu,Insta,202,1.0,9.0,29.0,"Xinjiang, China",0.64,2015.629213483146,0.47,0.41,4.0,"6'1"" (185cm)",5.0,50,25.0,0,27.0,1101988,3.6666666666666665,27.0,15 - 23,55.333333333333336,26.5,17.333333333333332,397,0.35,10.0,0.51,18.0,52.0,0,42.0,71.0,0.19,6.0,23,47.0,83.0,26.0,0.58,22.666666666666668,4.0,12.5,0.49,185,48.0,27.0,21.0,8.0,0.28,62.0,53.0,18.333333333333332,236,28.5,36.0,31.0,21.0,5.0,31.0,37.0,181 lbs (82kg),72.0,70,391,0.61,12.0,15.0,58.0,0.8,392948,22.0,0.73,9.0,"Right-Handed, Two-Handed Backhand",2.0,26.0,23.0,28.0,13.0,19.0,64.0,64.0,6.0,72.0,42.0,49.0,10.0,47.0,30.0,56.714285714285715,3.0,83.0,32.75,China,5,15,0.25,185,82
Juncheng Shang,Insta,472,1.0,9.0,29.0,"Beijing, China",0.63,2021.0,0.5,0.35,4.0,"5'11"" (180cm)",5.0,166,25.0,0,27.0,1860247,3.6666666666666665,27.0,32 - 34,55.333333333333336,26.5,17.333333333333332,835,0.36,10.0,0.53,18.0,52.0,1,42.0,71.0,0.2,6.0,20,47.0,83.0,26.0,0.63,22.666666666666668,4.0,12.5,0.49,463,48.0,27.0,21.0,8.0,0.27,62.0,53.0,18.333333333333332,280,28.5,36.0,31.0,21.0,5.0,31.0,37.0,162 lbs (73kg),72.0,71,829,0.63,12.0,15.0,58.0,0.79,116580,22.0,0.7,9.0,"Left-Handed, Two-Handed Backhand",2.0,26.0,23.0,28.0,13.0,19.0,39.0,64.0,6.0,72.0,42.0,49.0,10.0,47.0,30.0,56.714285714285715,3.0,83.0,32.75,China,3,2,0.6,180,73
Roman Safiullin,Insta,788,1.0,9.0,29.0,"Podolsk, Russia",0.64,2015.0,0.5,0.38,4.0,"6'1"" (185cm)",5.0,366,25.0,0,27.0,3555111,3.6666666666666665,27.0,53 - 65,55.333333333333336,26.5,17.333333333333332,1492,0.36,10.0,0.51,18.0,52.0,0,42.0,71.0,0.21,6.0,27,47.0,83.0,26.0,0.63,22.666666666666668,4.0,12.5,0.5,818,48.0,27.0,21.0,8.0,0.28,62.0,53.0,18.333333333333332,770,28.5,36.0,31.0,21.0,5.0,31.0,37.0,165 lbs (75kg),72.0,72,1498,0.62,12.0,15.0,58.0,0.8,306123,22.0,0.73,9.0,"Right-Handed, Two-Handed Backhand",2.0,26.0,23.0,28.0,13.0,19.0,39.0,64.0,6.0,72.0,42.0,49.0,10.0,47.0,30.0,56.714285714285715,3.0,83.0,32.75,,3,9,0.25,185,75
Corentin Moutet,Youtube,1447,1.0,9.0,29.0,"Paris, France",0.6,2016.0,0.5,0.38,4.0,"5'11"" (180cm)",5.0,480,25.0,0,27.0,4458341,3.6666666666666665,27.0,72 - 98,55.333333333333336,26.5,17.333333333333332,2219,0.38,10.0,0.49,18.0,52.0,0,42.0,71.0,0.23,6.0,26,47.0,83.0,26.0,0.67,22.666666666666668,4.0,12.5,0.49,1329,48.0,27.0,21.0,8.0,0.31,62.0,53.0,18.333333333333332,402,51.0,36.0,31.0,21.0,5.0,31.0,37.0,156 lbs (71kg),72.0,73,2185,0.58,12.0,15.0,58.0,0.72,473248,22.0,0.65,9.0,"Left-Handed, Two-Handed Backhand",2.0,26.0,23.0,28.0,13.0,19.0,39.0,64.0,6.0,72.0,42.0,49.0,10.0,47.0,30.0,56.714285714285715,3.0,83.0,32.75,France,8,9,0.47058823529411764,180,71
Hamad Medjedovic,x,299,1.0,9.0,29.0,"Novi Pazar, Serbia",0.66,2021.0,0.48,0.34,4.0,"6'2"" (188cm)",5.0,154,25.0,0,27.0,1658909,3.6666666666666665,27.0,28 - 24,55.333333333333336,26.5,17.333333333333332,610,0.35,10.0,0.51,18.0,52.0,0,42.0,61.0,0.17,6.0,21,47.0,83.0,26.0,0.65,22.666666666666668,4.0,12.5,0.5,299,48.0,27.0,21.0,8.0,0.27,62.0,53.0,18.333333333333332,416,28.5,36.0,31.0,21.0,5.0,31.0,37.0,190 lbs (86kg),72.0,74,619,0.65,12.0,15.0,58.0,0.83,260433,22.0,0.74,9.0,"Right-Handed, Two-Handed Backhand",2.0,26.0,23.0,28.0,13.0,19.0,39.0,64.0,6.0,72.0,42.0,49.0,10.0,47.0,30.0,56.714285714285715,3.0,83.0,32.75,Serbia,7,6,0.5384615384615384,188,86
Arthur Rinderknech,x,993,1.0,9.0,29.0,"Gassin, France",0.65,2018.0,0.45,0.35,4.0,"6'5"" (196cm)",5.0,417,25.0,0,27.0,4004256,3.6666666666666665,27.0,78 - 94,55.333333333333336,26.5,17.333333333333332,2093,0.33,10.0,0.48,18.0,52.0,0,42.0,71.0,0.16,6.0,29,47.0,83.0,26.0,0.64,22.666666666666668,4.0,12.5,0.49,930,48.0,27.0,21.0,8.0,0.26,62.0,53.0,18.333333333333332,1613,28.5,36.0,31.0,21.0,5.0,31.0,37.0,193 lbs (88kg),72.0,75,2079,0.64,12.0,15.0,58.0,0.83,331138,22.0,0.75,9.0,"Right-Handed, Two-Handed Backhand",2.0,26.0,23.0,28.0,13.0,19.0,39.0,64.0,6.0,72.0,42.0,49.0,10.0,47.0,30.0,56.714285714285715,3.0,83.0,32.75,France,4,13,0.23529411764705882,196,88
Aleksandar Kovacevic,x,411,1.0,9.0,29.0,"New York, NY, USA",0.65,2021.0,0.45,0.33,4.0,"6'0"" (183cm)",5.0,193,25.0,0,27.0,1683171,3.6666666666666665,27.0,22 - 40,55.333333333333336,26.5,17.333333333333332,789,0.33,10.0,0.49,18.0,52.0,0,42.0,71.0,0.14,6.0,26,47.0,83.0,26.0,0.59,22.666666666666668,4.0,12.5,0.49,344,48.0,27.0,21.0,8.0,0.25,62.0,53.0,18.333333333333332,549,28.5,36.0,31.0,21.0,5.0,31.0,37.0,174 lbs (79kg),72.0,76,787,0.64,12.0,15.0,58.0,0.81,328827,22.0,0.75,9.0,"Right-Handed, One-Handed Backhand",2.0,26.0,23.0,28.0,13.0,19.0,39.0,64.0,6.0,72.0,42.0,49.0,10.0,47.0,30.0,56.714285714285715,3.0,83.0,32.75,United States,6,8,0.42857142857142855,183,79
Yoshihito Nishioka,Youtube,2144,1.0,9.0,29.0,"Mie, Japan",0.61,2014.0,0.52,0.39,4.0,"5'7"" (170cm)",5.0,463,25.0,0,27.0,6819808,3.6666666666666665,27.0,142 - 154,55.333333333333336,26.5,17.333333333333332,3437,0.37,10.0,0.54,18.0,52.0,3,42.0,71.0,0.22,6.0,29,47.0,83.0,26.0,0.65,22.666666666666668,4.0,12.5,0.49,1923,48.0,27.0,21.0,8.0,0.27,62.0,53.0,24.0,560,28.5,36.0,31.0,21.0,5.0,31.0,37.0,141 lbs (64kg),72.0,77,3391,0.58,12.0,15.0,58.0,0.74,279476,22.0,0.65,9.0,"Left-Handed, Two-Handed Backhand",2.0,26.0,23.0,28.0,13.0,19.0,39.0,64.0,6.0,72.0,42.0,49.0,10.0,47.0,30.0,56.714285714285715,3.0,83.0,32.75,Japan,7,6,0.5384615384615384,170,64
Rinky Hijikata,x,630,1.0,9.0,29.0,"Sydney, Australia",0.6,2021.0,0.48,0.37,4.0,"5'10"" (178cm)",5.0,223,25.0,0,27.0,2736438,3.6666666666666665,27.0,32 - 47,55.333333333333336,26.5,17.333333333333332,925,0.36,10.0,0.47,18.0,52.0,0,42.0,71.0,0.2,6.0,24,47.0,83.0,26.0,0.59,22.666666666666668,4.0,12.5,0.48,496,48.0,27.0,21.0,8.0,0.29,62.0,53.0,18.333333333333332,299,28.5,36.0,31.0,21.0,5.0,31.0,37.0,159 lbs (72kg),72.0,78,912,0.6,12.0,15.0,58.0,0.72,335451,22.0,0.68,9.0,"Right-Handed, Two-Handed Backhand",2.0,26.0,23.0,28.0,13.0,19.0,39.0,64.0,6.0,72.0,42.0,49.0,10.0,47.0,30.0,56.714285714285715,3.0,83.0,32.75,Australia,5,11,0.3125,178,72
Zhizhen Zhang,Insta,633,1.0,9.0,29.0,"Shanghai, China",0.65,2012.0,0.47,0.37,4.0,"6'4"" (193cm)",5.0,219,25.0,0,27.0,3799682,3.6666666666666665,27.0,59 - 68,55.333333333333336,26.5,17.333333333333332,1443,0.34,10.0,0.52,18.0,52.0,0,42.0,71.0,0.17,6.0,28,47.0,83.0,26.0,0.63,22.666666666666668,4.0,12.5,0.49,647,48.0,27.0,21.0,8.0,0.26,62.0,53.0,18.333333333333332,829,28.5,36.0,31.0,21.0,5.0,31.0,37.0,192 lbs (87kg),72.0,79,1426,0.59,12.0,15.0,58.0,0.82,305439,22.0,0.73,9.0,"Right-Handed, Two-Handed Backhand",2.0,26.0,23.0,28.0,13.0,19.0,39.0,64.0,6.0,72.0,42.0,49.0,10.0,47.0,30.0,56.714285714285715,3.0,83.0,32.75,China,4,9,0.3076923076923077,193,87
Aleksandar Vukic,x,721,1.0,9.0,29.0,"Sydney, Australia",0.64,2018.0,0.46,0.36,4.0,"6'2"" (188cm)",5.0,206,25.0,0,27.0,2760664,3.6666666666666665,27.0,46 - 64,55.333333333333336,26.5,17.333333333333332,1380,0.33,10.0,0.5,18.0,52.0,0,42.0,71.0,0.15,6.0,29,47.0,83.0,26.0,0.6,22.666666666666668,4.0,12.5,0.49,587,48.0,27.0,21.0,8.0,0.26,62.0,53.0,18.333333333333332,964,28.5,36.0,31.0,21.0,5.0,31.0,37.0,187 lbs (85kg),72.0,80,1371,0.63,12.0,15.0,58.0,0.8,401715,22.0,0.74,9.0,"Right-Handed, Two-Handed Backhand",2.0,26.0,23.0,28.0,13.0,19.0,39.0,64.0,6.0,72.0,42.0,49.0,10.0,47.0,30.0,56.714285714285715,3.0,83.0,32.75,Australia,5,11,0.3125,188,85
Cameron Norrie,x,2524,1.0,9.0,29.0,"Johannesburg, South Africa",0.64,2017.0,0.51,0.42,4.0,"6'2"" (188cm)",5.0,1004,25.0,0,27.0,11894924,8.0,27.0,222 - 166,55.333333333333336,26.5,17.333333333333332,4602,0.38,10.0,0.51,18.0,52.0,5,42.0,71.0,0.24,6.0,29,47.0,83.0,26.0,0.65,22.666666666666668,4.0,12.5,0.51,2676,48.0,27.0,21.0,8.0,0.3,62.0,53.0,18.333333333333332,1787,28.5,36.0,31.0,21.0,5.0,31.0,37.0,181 lbs (82kg),72.0,81,4614,0.63,12.0,15.0,58.0,0.8,443050,22.0,0.7,9.0,"Left-Handed, Two-Handed Backhand",2.0,26.0,23.0,28.0,13.0,19.0,39.0,64.0,6.0,72.0,42.0,49.0,10.0,47.0,30.0,56.714285714285715,3.0,83.0,32.75,Great Britain,13,12,0.52,188,82
Christopher O'Connell,x,949,1.0,9.0,29.0,"Sydney, Australia",0.64,2011.0,0.47,0.34,4.0,"6'0"" (183cm)",5.0,264,25.0,0,27.0,3435987,3.6666666666666665,27.0,54 - 81,55.333333333333336,26.5,17.333333333333332,1755,0.34,10.0,0.5,18.0,52.0,0,42.0,71.0,0.16,6.0,30,47.0,83.0,26.0,0.62,22.666666666666668,4.0,12.5,0.49,820,48.0,27.0,21.0,8.0,0.26,62.0,53.0,18.333333333333332,988,28.5,36.0,31.0,21.0,5.0,31.0,37.0,172 lbs (78kg),72.0,82,1756,0.63,12.0,15.0,58.0,0.8,343137,22.0,0.72,9.0,"Right-Handed, One-Handed Backhand",2.0,26.0,23.0,28.0,13.0,19.0,39.0,64.0,6.0,72.0,42.0,49.0,10.0,47.0,30.0,56.714285714285715,3.0,83.0,32.75,Australia,7,11,0.3888888888888889,183,78
Hugo Gaston,x,1056,1.0,9.0,29.0,"Toulouse, France",0.58,2018.0,0.48,0.39,4.0,"5'8"" (173cm)",5.0,260,25.0,0,27.0,3109934,3.6666666666666665,27.0,44 - 66,55.333333333333336,26.5,17.333333333333332,1354,0.37,10.0,0.49,18.0,52.0,0,42.0,71.0,0.23,6.0,24,47.0,83.0,26.0,0.56,22.666666666666668,4.0,12.5,0.48,775,48.0,27.0,21.0,8.0,0.31,62.0,53.0,18.333333333333332,309,28.5,36.0,31.0,21.0,5.0,31.0,37.0,149 lbs (68kg),72.0,83,1341,0.62,12.0,15.0,58.0,0.7,320652,22.0,0.65,9.0,"Left-Handed, Two-Handed Backhand",2.0,26.0,23.0,28.0,13.0,19.0,39.0,64.0,6.0,72.0,42.0,49.0,10.0,47.0,30.0,56.714285714285715,3.0,83.0,32.75,France,4,10,0.2857142857142857,173,68
Raphael Collignon,Insta,32,1.0,9.0,29.0,"Rochester,Olmsted",0.56,2015.629213483146,0.56,0.32,4.0,"6'3"" (191cm)",5.0,32,25.0,0,27.0,322291,3.6666666666666665,27.0,1 - 6,55.333333333333336,26.5,17.333333333333332,46,0.34,10.0,0.38,18.0,52.0,0,42.0,81.0,0.17,6.0,23,47.0,83.0,26.0,0.63,22.666666666666668,4.0,12.5,0.46,25,48.0,27.0,21.0,8.0,0.23,62.0,53.0,18.333333333333332,23,28.5,36.0,31.0,21.0,5.0,31.0,37.0,189 lbs (86kg),72.0,84,45,0.59,12.0,15.0,58.0,0.71,117874,22.0,0.67,9.0,"Right-Handed, Two-Handed Backhand",2.0,26.0,23.0,28.0,13.0,19.0,39.0,64.0,6.0,72.0,42.0,49.0,10.0,47.0,30.0,56.714285714285715,3.0,83.0,32.75,Belgium,1,3,0.25,191,86
Borna Coric,x,2424,1.0,9.0,29.0,"Zagreb, Croatia",0.65,2013.0,0.49,0.38,4.0,"6'2"" (188cm)",5.0,871,25.0,0,27.0,12928200,3.6666666666666665,27.0,223 - 198,55.333333333333336,26.5,17.333333333333332,4855,0.36,10.0,0.52,18.0,52.0,3,42.0,71.0,0.2,6.0,28,47.0,83.0,26.0,0.62,22.666666666666668,4.0,12.5,0.5,2516,48.0,27.0,21.0,8.0,0.27,62.0,53.0,18.333333333333332,2324,28.5,36.0,31.0,21.0,5.0,31.0,37.0,187 lbs (85kg),72.0,85,4824,0.61,12.0,15.0,58.0,0.81,291084,22.0,0.72,9.0,"Right-Handed, Two-Handed Backhand",2.0,26.0,23.0,28.0,13.0,19.0,39.0,64.0,6.0,72.0,42.0,49.0,10.0,47.0,30.0,56.714285714285715,3.0,83.0,32.75,Croatia,1,4,0.2,188,85
Vit Kopriva,Insta,178,1.0,9.0,29.0,"Bilovec, Czechia",0.57,2015.0,0.54,0.47,4.0,"5'10"" (178cm)",5.0,78,25.0,0,27.0,1043678,3.6666666666666665,27.0,10 - 15,55.333333333333336,26.5,17.333333333333332,249,0.38,10.0,0.46,18.0,52.0,0,42.0,71.0,0.27,6.0,27,47.0,83.0,26.0,0.6,22.666666666666668,4.0,12.5,0.48,143,48.0,27.0,21.0,8.0,0.3,62.0,53.0,18.333333333333332,65,28.5,36.0,31.0,21.0,5.0,31.0,37.0,152 lbs (69kg),72.0,86,244,0.53,12.0,15.0,58.0,0.66,195423,22.0,0.65,9.0,"Right-Handed, Two-Handed Backhand",2.0,26.0,23.0,28.0,13.0,19.0,39.0,64.0,6.0,72.0,42.0,49.0,10.0,47.0,30.0,85.0,3.0,83.0,32.75,Czechia,4,3,0.5714285714285714,178,69
Jan Lennard Struff,x,2859,1.0,9.0,29.0,"Warstein, Germany",0.65,2009.0,0.49,0.36,4.0,"6'4"" (193cm)",5.0,1684,25.0,0,27.0,11348296,3.6666666666666665,27.0,226 - 254,55.333333333333336,26.5,17.333333333333332,5739,0.36,10.0,0.5,18.0,52.0,1,42.0,71.0,0.18,6.0,35,47.0,83.0,26.0,0.57,22.666666666666668,4.0,12.5,0.5,2935,48.0,27.0,21.0,8.0,0.27,62.0,53.0,21.0,4127,28.5,36.0,31.0,21.0,5.0,31.0,37.0,202 lbs (92kg),72.0,87,5726,0.62,12.0,15.0,58.0,0.81,344967,22.0,0.76,9.0,"Right-Handed, Two-Handed Backhand",2.0,26.0,23.0,28.0,13.0,19.0,39.0,64.0,6.0,72.0,42.0,49.0,10.0,47.0,30.0,56.714285714285715,3.0,83.0,32.75,Germany,4,12,0.25,193,92
Jesper De Jong,Insta,143,1.0,9.0,29.0,Haarlem,0.62,2015.629213483146,0.46,0.46,4.0,"5'11"" (180cm)",5.0,54,25.0,0,27.0,1094830,3.6666666666666665,27.0,8 - 12,55.333333333333336,26.5,17.333333333333332,224,0.35,10.0,0.49,18.0,52.0,0,42.0,71.0,0.19,6.0,24,47.0,83.0,26.0,0.58,22.666666666666668,4.0,12.5,0.49,94,48.0,27.0,21.0,8.0,0.28,62.0,53.0,18.333333333333332,112,28.5,36.0,31.0,21.0,5.0,31.0,37.0,154 lbs (70kg),72.0,88,224,0.62,12.0,15.0,58.0,0.75,178566,22.0,0.71,9.0,"Right-Handed, Two-Handed Backhand",2.0,26.0,23.0,28.0,13.0,19.0,39.0,64.0,6.0,72.0,42.0,49.0,10.0,47.0,30.0,87.0,3.0,83.0,32.75,Netherlands,6,4,0.6,180,70
Botic Van De Zandschulp,x,1350,1.0,9.0,29.0,"Wageningen, Netherlands",0.62,2016.0,0.5,0.38,4.0,"6'3"" (191cm)",5.0,701,25.0,0,27.0,5139832,3.6666666666666665,27.0,99 - 100,55.333333333333336,26.5,17.333333333333332,2226,0.38,10.0,0.47,18.0,52.0,0,42.0,71.0,0.23,6.0,29,47.0,83.0,26.0,0.62,22.666666666666668,4.0,12.5,0.5,1314,48.0,27.0,21.0,8.0,0.31,62.0,53.0,18.333333333333332,1043,28.5,36.0,31.0,21.0,5.0,31.0,37.0,187 lbs (85kg),72.0,89,2210,0.61,12.0,15.0,58.0,0.76,286748,22.0,0.71,9.0,"Right-Handed, Two-Handed Backhand",2.0,26.0,23.0,28.0,13.0,19.0,39.0,64.0,6.0,72.0,42.0,49.0,10.0,47.0,30.0,56.714285714285715,3.0,83.0,32.75,Netherlands,4,9,0.3076923076923077,191,85
Hugo Dellien,x,702,1.0,9.0,29.0,"Trinidad, Bolivia",0.59,2009.0,0.49,0.38,4.0,"5'11"" (180cm)",5.0,143,25.0,0,27.0,2492965,3.6666666666666665,27.0,42 - 66,55.333333333333336,26.5,17.333333333333332,965,0.37,10.0,0.47,18.0,52.0,0,42.0,71.0,0.21,6.0,31,47.0,83.0,26.0,0.72,22.666666666666668,4.0,12.5,0.48,530,48.0,27.0,21.0,8.0,0.3,62.0,53.0,18.333333333333332,156,28.5,36.0,31.0,21.0,5.0,31.0,37.0,165 lbs (75kg),72.0,90,963,0.57,12.0,15.0,58.0,0.69,162985,22.0,0.63,9.0,"Right-Handed, Two-Handed Backhand",2.0,26.0,23.0,28.0,13.0,19.0,39.0,64.0,6.0,72.0,42.0,49.0,10.0,47.0,30.0,56.714285714285715,3.0,83.0,32.75,Bolivia,2,3,0.4,180,75
Adam Walton,x,171,1.0,9.0,29.0,Brisbane,0.63,2022.0,0.47,0.36,4.0,"6'0"" (183cm)",5.0,47,25.0,0,27.0,1082721,3.6666666666666665,27.0,7 - 19,55.333333333333336,26.5,17.333333333333332,332,0.34,10.0,0.5,18.0,52.0,0,42.0,71.0,0.17,6.0,26,47.0,83.0,26.0,0.65,22.666666666666668,4.0,12.5,0.48,154,48.0,27.0,21.0,8.0,0.26,62.0,53.0,18.333333333333332,149,28.5,36.0,31.0,21.0,5.0,31.0,37.0,170 lbs (77kg),85.0,91,322,0.57,12.0,15.0,58.0,0.77,295770,22.0,0.7,9.0,"Right-Handed, Two-Handed Backhand",2.0,26.0,23.0,28.0,13.0,19.0,39.0,64.0,6.0,72.0,42.0,49.0,10.0,47.0,30.0,56.714285714285715,3.0,83.0,32.75,Australia,4,8,0.3333333333333333,183,77
James Duckworth,x,1376,1.0,9.0,29.0,"Sydney, Australia",0.63,2010.0,0.47,0.36,4.0,"6'0"" (183cm)",5.0,523,25.0,0,27.0,4300268,3.6666666666666665,27.0,66 - 112,55.333333333333336,26.5,17.333333333333332,2389,0.33,10.0,0.51,18.0,52.0,0,42.0,71.0,0.15,6.0,33,47.0,83.0,46.0,0.57,22.666666666666668,4.0,12.5,0.48,985,48.0,27.0,21.0,8.0,0.24,62.0,53.0,18.333333333333332,1482,28.5,36.0,31.0,21.0,5.0,31.0,37.0,181 lbs (82kg),72.0,92,2405,0.63,12.0,15.0,58.0,0.79,223465,22.0,0.72,9.0,"Right-Handed, Two-Handed Backhand",2.0,26.0,23.0,28.0,13.0,19.0,39.0,64.0,6.0,72.0,42.0,49.0,10.0,47.0,30.0,56.714285714285715,3.0,83.0,32.75,Australia,1,4,0.2,183,82
Reilly Opelka,Insta,880,1.0,9.0,29.0,"St. Joseph, MI, USA",0.7,2015.0,0.42,0.31,4.0,"6'11"" (211cm)",5.0,604,25.0,0,27.0,4918548,3.6666666666666665,27.0,107 - 101,55.333333333333336,26.5,17.333333333333332,2668,0.28,10.0,0.54,18.0,52.0,4,42.0,71.0,0.1,6.0,27,47.0,83.0,26.0,0.64,22.666666666666668,4.0,12.5,0.5,857,48.0,27.0,21.0,8.0,0.21,62.0,53.0,18.333333333333332,3594,28.5,36.0,31.0,21.0,5.0,17.0,37.0,225 lbs (102kg),72.0,93,2711,0.68,12.0,15.0,58.0,0.9,456203,22.0,0.79,9.0,"Right-Handed, Two-Handed Backhand",2.0,26.0,23.0,28.0,13.0,19.0,39.0,64.0,6.0,72.0,42.0,49.0,10.0,47.0,30.0,56.714285714285715,3.0,83.0,32.75,United States,11,9,0.55,211,102
Chun Hsin Tseng,Insta,249,1.0,9.0,29.0,"Taipei, Chinese Taipei",0.59,2019.0,0.5,0.33,4.0,"5'9"" (175cm)",5.0,100,25.0,0,27.0,1231537,3.6666666666666665,27.0,15 - 30,55.333333333333336,26.5,17.333333333333332,390,0.34,10.0,0.49,18.0,52.0,0,42.0,71.0,0.17,6.0,23,47.0,83.0,26.0,0.59,22.666666666666668,4.0,12.5,0.47,200,48.0,27.0,21.0,8.0,0.24,62.0,53.0,18.333333333333332,92,28.5,36.0,31.0,21.0,5.0,31.0,37.0,143 lbs (65kg),72.0,94,383,0.57,12.0,15.0,58.0,0.72,214832,22.0,0.66,9.0,"Right-Handed, Two-Handed Backhand",2.0,26.0,23.0,28.0,13.0,19.0,39.0,64.0,6.0,72.0,42.0,49.0,10.0,47.0,30.0,56.714285714285715,3.0,83.0,32.75,Chinese Taipei,3,6,0.3333333333333333,175,65
Luca Nardi,Insta,361,1.0,9.0,29.0,Pesaro,0.59,2015.629213483146,0.5,0.35,4.0,"6'1"" (185cm)",5.0,151,25.0,0,27.0,1612934,3.6666666666666665,27.0,12 - 32,55.333333333333336,26.5,17.333333333333332,503,0.34,10.0,0.45,18.0,52.0,0,42.0,71.0,0.17,6.0,21,47.0,83.0,26.0,0.61,22.666666666666668,4.0,12.5,0.47,240,48.0,27.0,21.0,8.0,0.25,62.0,53.0,18.333333333333332,121,28.5,36.0,31.0,21.0,5.0,31.0,37.0,176 lbs (80kg),72.0,95,506,0.58,12.0,15.0,58.0,0.7,335662,22.0,0.67,9.0,"Right-Handed, Two-Handed Backhand",2.0,26.0,23.0,28.0,13.0,19.0,39.0,64.0,6.0,72.0,42.0,49.0,10.0,47.0,30.0,56.714285714285715,3.0,83.0,67.0,Italy,5,8,0.38461538461538464,185,80
Kamil Majchrzak,x,437,1.0,9.0,29.0,"Piotrkow Trybunalski, Poland",0.63,2013.0,0.51,0.36,4.0,"6'0"" (183cm)",5.0,154,25.0,0,27.0,2304831,3.6666666666666665,27.0,35 - 45,55.333333333333336,26.5,17.333333333333332,759,0.35,10.0,0.5,18.0,52.0,0,42.0,71.0,0.18,6.0,29,47.0,83.0,26.0,0.6,22.666666666666668,4.0,12.5,0.49,378,48.0,27.0,21.0,8.0,0.25,62.0,53.0,18.333333333333332,335,28.5,36.0,31.0,21.0,5.0,75.0,37.0,176 lbs (80kg),72.0,96,773,0.61,12.0,15.0,58.0,0.78,205182,22.0,0.71,9.0,"Right-Handed, Two-Handed Backhand",2.0,26.0,23.0,28.0,13.0,19.0,39.0,64.0,6.0,72.0,42.0,49.0,10.0,47.0,30.0,56.714285714285715,3.0,83.0,32.75,Poland,4,3,0.5714285714285714,183,80
Mariano Navone,x,533,1.0,9.0,29.0,9 de julio,0.59,2015.629213483146,0.52,0.43,4.0,"5'10"" (178cm)",5.0,139,25.0,0,27.0,1709930,3.6666666666666665,27.0,29 - 38,55.333333333333336,26.5,17.333333333333332,758,0.4,10.0,0.5,18.0,52.0,0,42.0,71.0,0.28,6.0,24,47.0,83.0,26.0,0.65,22.666666666666668,4.0,12.5,0.5,495,48.0,27.0,21.0,8.0,0.34,62.0,53.0,18.333333333333332,152,28.5,36.0,31.0,21.0,5.0,31.0,37.0,160 lbs (73kg),72.0,97,756,0.57,12.0,29.0,58.0,0.7,394220,22.0,0.64,9.0,"Right-Handed, Two-Handed Backhand",2.0,26.0,23.0,28.0,13.0,19.0,39.0,64.0,6.0,72.0,42.0,49.0,10.0,47.0,30.0,56.714285714285715,3.0,83.0,32.75,Argentina,11,14,0.44,178,73
Mackenzie Mcdonald,x,1673,1.0,9.0,29.0,"Piedmont, CA, USA",0.62,2016.0,0.51,0.41,4.0,"5'10"" (178cm)",5.0,574,25.0,0,27.0,6293298,3.6666666666666665,27.0,109 - 129,55.333333333333336,26.5,17.333333333333332,2935,0.37,10.0,0.51,18.0,52.0,0,42.0,71.0,0.22,6.0,30,47.0,83.0,26.0,0.64,22.666666666666668,4.0,12.5,0.5,1557,48.0,27.0,21.0,8.0,0.29,62.0,53.0,18.333333333333332,1147,28.5,36.0,31.0,21.0,5.0,31.0,37.0,160 lbs (73kg),72.0,98,2910,0.59,12.0,15.0,58.0,0.76,162342,22.0,0.69,9.0,"Right-Handed, Two-Handed Backhand",2.0,26.0,23.0,28.0,13.0,19.0,39.0,64.0,6.0,72.0,42.0,49.0,10.0,47.0,30.0,56.714285714285715,3.0,83.0,32.75,United States,4,4,0.5,178,73
Pablo Carreno Busta,x,3312,1.0,9.0,29.0,"Gijon, Spain",0.63,2009.0,0.52,0.41,4.0,"6'2"" (188cm)",5.0,912,25.0,0,27.0,16156121,3.6666666666666665,27.0,279 - 228,55.333333333333336,26.5,17.333333333333332,6065,0.38,10.0,0.52,18.0,52.0,7,42.0,71.0,0.24,6.0,33,47.0,83.0,26.0,0.65,22.666666666666668,4.0,12.5,0.51,3559,48.0,27.0,21.0,8.0,0.29,62.0,53.0,18.333333333333332,2007,28.5,36.0,31.0,21.0,5.0,31.0,37.0,172 lbs (78kg),72.0,99,6062,0.61,12.0,15.0,58.0,0.79,424479,22.0,0.69,9.0,"Right-Handed, Two-Handed Backhand",2.0,26.0,23.0,28.0,13.0,19.0,39.0,64.0,6.0,72.0,42.0,49.0,10.0,47.0,30.0,56.714285714285715,3.0,83.0,32.75,Spain,3,8,0.2727272727272727,188,78
Nishesh Basavareddy,Insta,88,1.0,9.0,29.0,Newport Beach,0.62,2015.629213483146,0.49,0.37,4.0,"5'11"" (180cm)",5.0,30,25.0,0,27.0,526556,3.6666666666666665,27.0,4 - 8,55.333333333333336,26.5,17.333333333333332,147,0.34,10.0,0.48,18.0,52.0,0,42.0,71.0,0.18,6.0,20,47.0,83.0,26.0,0.61,22.666666666666668,4.0,12.5,0.48,73,48.0,27.0,21.0,8.0,0.25,62.0,53.0,18.333333333333332,55,28.5,36.0,31.0,21.0,5.0,31.0,37.0,160 lbs (73kg),72.0,100,145,0.63,12.0,15.0,58.0,0.77,202618,22.0,0.71,9.0,"Right-Handed, Two-Handed Backhand",2.0,26.0,23.0,28.0,13.0,19.0,39.0,64.0,6.0,72.0,42.0,49.0,10.0,47.0,30.0,56.714285714285715,3.0,100.0,32.75,United States,3,6,0.3333333333333333,180,73
